ImageNumber,ObjectNumber,Location_Center_X,Location_Center_Y,Location_Center_Z,Number_Object_Number,TrackObjects_Displacement_50,TrackObjects_DistanceTraveled_50,TrackObjects_FinalAge_50,TrackObjects_IntegratedDistance_50,TrackObjects_Label_50,TrackObjects_Lifetime_50,TrackObjects_Linearity_50,TrackObjects_ParentImageNumber_50,TrackObjects_ParentObjectNumber_50,TrackObjects_TrajectoryX_50,TrackObjects_TrajectoryY_50
140,2229,450.86046511627904,1131.093023255814,0,2229,39.81416181171194,2.5251279680028604,,93.50503714898262,11892,17,0.4257969733574416,139.0,2165,0.599337519839878,-2.45297080946807
141,2229,1746.4217032967033,1111.6304945054944,0,2229,29.445769717005888,9.745082805526604,,73.07750825701635,12777,7,0.402938885292093,140.0,2206,9.552988212904438,-1.9253714162932736
142,2229,423.0413625304136,1084.5328467153286,0,2229,203.32330162061012,23.744959861043792,,906.9286806153168,4202,107,0.2241888540592442,141.0,2219,19.58742994614397,-13.422209464446723
143,2229,1408.25,1113.530487804878,0,2229,0.0,0.0,,0.0,13458,1,,0.0,0,0.0,0.0
144,2229,1033.9173228346456,1053.1496062992126,0,2229,80.78732527775986,8.986327331510665,,791.9950605799602,2616,126,0.1020048347506121,143.0,2156,-2.7008589835361363,-8.570848246241894
145,2229,1452.860294117647,1096.7426470588234,0,2229,13.917505990448197,2.988277480087404,40.0,295.4339400228679,10338,40,0.0471086903196393,144.0,2288,-1.1397058823529278,-2.762403446227154
