ImageNumber,ObjectNumber,Location_Center_X,Location_Center_Y,Location_Center_Z,Number_Object_Number,TrackObjects_Displacement_50,TrackObjects_DistanceTraveled_50,TrackObjects_FinalAge_50,TrackObjects_IntegratedDistance_50,TrackObjects_Label_50,TrackObjects_Lifetime_50,TrackObjects_Linearity_50,TrackObjects_ParentImageNumber_50,TrackObjects_ParentObjectNumber_50,TrackObjects_TrajectoryX_50,TrackObjects_TrajectoryY_50
138,2200,1497.7,1150.7434782608696,0,2200,84.02238722971624,0.6884223332391338,,272.4969876414912,10338,33,0.3083424442851447,137.0,2179,0.0134657836645146,0.6882906229004675
140,2200,1475.4751773049643,1106.049645390071,0,2200,36.74461330944269,1.981938713443516,,302.835559754986,10338,35,0.1213352003284274,139.0,2125,0.1738074419508848,1.9743029243174988
141,2200,309.3026819923372,1084.7088122605364,0,2200,60.008323238613045,8.969513926327688,15.0,116.47699063034,12136,15,0.5151946570208008,140.0,2183,0.3120277867296863,-8.964084935725168
142,2200,844.0133630289532,1068.792873051225,0,2200,52.17353666662289,4.47109069602029,,629.3755822317669,6481,82,0.0828973003395134,141.0,2176,3.1700581856483723,-3.152995894644164
143,2200,342.0,1093.2734806629835,0,2200,183.9036826764547,1.841576039992556,,923.5978416057176,4202,108,0.1991166223999935,142.0,2227,-1.0639534883720785,1.5031318257742896
144,2200,181.0162162162162,1040.1891891891892,0,2200,135.53955683476596,18.45154207933191,,648.4272233733783,5417,96,0.2090281714725592,143.0,2145,16.367864567864558,-8.517770517770487
145,2200,792.7559055118111,1074.015748031496,0,2200,52.93037132636648,4.270026214543999,85.0,698.1693086517209,6481,85,0.0758130881298458,144.0,2253,-4.213230290658089,-0.6941285117138705
