ImageNumber,ObjectNumber,Location_Center_X,Location_Center_Y,Location_Center_Z,Number_Object_Number,TrackObjects_Displacement_50,TrackObjects_DistanceTraveled_50,TrackObjects_FinalAge_50,TrackObjects_IntegratedDistance_50,TrackObjects_Label_50,TrackObjects_Lifetime_50,TrackObjects_Linearity_50,TrackObjects_ParentImageNumber_50,TrackObjects_ParentObjectNumber_50,TrackObjects_TrajectoryX_50,TrackObjects_TrajectoryY_50
140,2233,1938.572538860104,1133.7551813471505,0,2233,2.33742412868281,10.372163617173731,,22.6001303259659,12926,4,0.1034252499861596,139.0,2158,9.483419689119046,4.200777202072459
141,2233,1272.3297872340424,1108.223404255319,0,2233,2.563276709955609,2.563276709955609,,2.563276709955609,13171,2,1.0,140.0,2202,1.4726443768995523,-2.098024316109558
142,2233,1720.2417910447762,1081.7089552238806,0,2233,68.111348194084,10.924326506955849,,98.50137443158972,12781,8,0.6914761198727037,141.0,2181,9.012571901199408,6.173690740253278
143,2233,1497.3481228668943,1118.634812286689,0,2233,61.92361791546083,12.229796635028492,,288.7846203530073,10338,38,0.214428378629603,142.0,2283,10.868338500317575,-5.607775314388846
144,2233,1743.141304347826,1064.1385869565215,0,2233,93.44721518432242,13.031973719745933,,126.6245980637857,12781,10,0.7379862729139677,143.0,2154,12.56122359412484,3.471023026508192
145,2233,1183.246537396122,1099.7119113573408,0,2233,152.4114585021261,12.906214545992524,39.0,350.7570257096349,10423,39,0.4345214702222272,144.0,2284,-12.458725761772712,3.36905421448364
