ImageNumber,ObjectNumber,Location_Center_X,Location_Center_Y,Location_Center_Z,Number_Object_Number,TrackObjects_Displacement_50,TrackObjects_DistanceTraveled_50,TrackObjects_FinalAge_50,TrackObjects_IntegratedDistance_50,TrackObjects_Label_50,TrackObjects_Lifetime_50,TrackObjects_Linearity_50,TrackObjects_ParentImageNumber_50,TrackObjects_ParentObjectNumber_50,TrackObjects_TrajectoryX_50,TrackObjects_TrajectoryY_50
137,2181,1468.358064516129,1151.1903225806452,0,2181,25.897953286305583,5.02828473209638,,26.65861025037657,12779,3,0.9714667435051216,136.0,2133,4.130791788856186,2.867090257412883
138,2181,1998.7259528130671,1139.611615245009,0,2181,18.49250060115888,7.645529082522075,,97.04462240281704,12050,13,0.1905566753034434,137.0,2196,2.8937610322452656,-7.076740919374515
139,2181,1247.5305466237942,1141.7717041800645,0,2181,17.607525563241055,4.051721365511081,3.0,25.408987921539687,12931,3,0.6929644587817217,138.0,2190,3.8270983479321785,1.330324869719334
140,2181,391.20759493670886,1091.9139240506329,0,2181,195.48392909761955,4.539371133349649,,901.3417514464762,4202,105,0.2168810318438109,139.0,2105,4.1317141779012445,-1.8801138897465532
141,2181,1711.2292191435768,1075.535264483627,0,2181,71.87586016230809,32.4238944625404,,87.57704792463386,12781,7,0.8207157225048538,140.0,2209,9.822164806112596,-30.900388519232592
142,2181,1583.51632970451,1067.9533437013995,0,2181,119.8724767437327,2.100313723915196,,500.4383190443981,7150,74,0.2395349680109084,141.0,2161,-0.117258081749469,-2.097037977989657
143,2181,1853.3263665594852,1074.2266881028938,0,2181,77.28946039455722,5.866763026124703,,502.7101387552395,9726,45,0.1537455770952494,142.0,2218,-3.913278410928797,-4.370945033200769
144,2181,661.4699453551913,1026.7158469945357,0,2181,39.64311991090818,8.474934118899032,,58.11904203391053,12842,9,0.6821020877766316,143.0,2104,6.5243142872301405,5.409050878030598
145,2181,26.52252252252252,1068.7162162162165,0,2181,132.65949844327324,3.5665713541182806,49.0,420.9017047792785,9569,49,0.3151792851797549,144.0,2238,-3.281921921921924,1.3962162162163168
