ImageNumber,ObjectNumber,Location_Center_X,Location_Center_Y,Location_Center_Z,Number_Object_Number,TrackObjects_Displacement_50,TrackObjects_DistanceTraveled_50,TrackObjects_FinalAge_50,TrackObjects_IntegratedDistance_50,TrackObjects_Label_50,TrackObjects_Lifetime_50,TrackObjects_Linearity_50,TrackObjects_ParentImageNumber_50,TrackObjects_ParentObjectNumber_50,TrackObjects_TrajectoryX_50,TrackObjects_TrajectoryY_50
137,2164,629.6961651917404,1136.410029498525,0,2164,17.955777701834847,8.653793142630315,,36.82050472190596,12534,6,0.4876570225598308,136.0,2119,8.346165191740397,-2.286845501475
138,2164,939.0738007380074,1120.9667896678966,0,2164,59.59608560576108,10.992560815419004,,78.68343704682565,12437,8,0.757415891355821,137.0,2141,-10.36818821226882,-3.651994862490256
139,2164,1488.339622641509,1126.5259433962265,0,2164,59.75793715242207,2.4356892161646804,,270.9561575033101,10338,34,0.2205446729945306,138.0,2180,-1.173441491507219,-2.1343891453411743
140,2164,1786.3362068965516,1075.7672413793102,0,2164,0.0,0.0,1.0,0.0,13166,1,,0.0,0,0.0,0.0
141,2164,898.3333333333334,1060.4013605442176,0,2164,83.9108612086556,6.167198802680929,,229.7909899300159,10609,33,0.3651616681498744,140.0,2148,-6.159090909090878,0.3161332714903437
142,2164,1925.363228699552,1038.0313901345291,0,2164,22.10057214100486,9.78567555754781,,540.782672619562,6561,81,0.0408677519824169,141.0,2150,-4.847297616237711,-8.500773608160898
143,2164,1860.297247706422,1056.9211009174312,0,2164,88.72468066768752,20.27267102468732,,732.7765744730627,6561,82,0.121080126956145,142.0,2193,19.715615053360807,-4.719715409099308
144,2164,1364.3070539419086,1014.7053941908714,0,2164,26.56055184072118,2.6659240549135887,,160.0966571473284,12131,18,0.165903225676217,143.0,2093,-0.0043495668633113,2.665920506660882
145,2164,802.3894736842105,1048.5705263157895,0,2164,29.50013511370607,3.661172808426049,47.0,429.823748241676,9724,47,0.0686330972506411,144.0,2217,1.419961489088564,-3.374595635430069
