ImageNumber,ObjectNumber,Location_Center_X,Location_Center_Y,Location_Center_Z,Number_Object_Number,TrackObjects_Displacement_50,TrackObjects_DistanceTraveled_50,TrackObjects_FinalAge_50,TrackObjects_IntegratedDistance_50,TrackObjects_Label_50,TrackObjects_Lifetime_50,TrackObjects_Linearity_50,TrackObjects_ParentImageNumber_50,TrackObjects_ParentObjectNumber_50,TrackObjects_TrajectoryX_50,TrackObjects_TrajectoryY_50
140,2261,1130.051724137931,1150.2777777777778,0,2261,62.2078805634098,25.894172346144167,,391.327006084938,9430,46,0.158966489907695,139.0,2178,24.627108753315497,8.000854700854688
141,2261,1485.7809798270894,1125.092219020173,0,2261,56.92592694782876,3.5178867949855777,,275.45473220691207,10338,36,0.2066616408864886,140.0,2232,-2.558542719329808,-2.4144122795617022
142,2261,1145.0,1114.6338028169014,0,2261,78.38007196117775,10.207506084681135,,414.59016648589073,9430,48,0.1890543440176967,141.0,2241,8.42338709677415,-5.765390731485695
143,2261,678.422619047619,1135.2738095238096,0,2261,12.655385935528631,6.055777635178274,4.0,13.762141898444684,13172,4,0.9195796721845216,142.0,2295,-3.5906259854936025,4.876458530432046
144,2261,560.5431711145997,1078.0580847723704,0,2261,78.56043793438575,15.821068641610834,,92.98898853176853,12695,11,0.8448359227775293,143.0,2195,12.453850726250153,-9.757449208212163
145,2261,1185.9060606060607,1115.1,0,2261,118.19687891601473,23.402643781291584,51.0,469.1607060467661,9430,51,0.2519326051662834,144.0,2321,23.047862674007547,-4.059527326440275
