ImageNumber,ObjectNumber,Location_Center_X,Location_Center_Y,Location_Center_Z,Number_Object_Number,TrackObjects_Displacement_50,TrackObjects_DistanceTraveled_50,TrackObjects_FinalAge_50,TrackObjects_IntegratedDistance_50,TrackObjects_Label_50,TrackObjects_Lifetime_50,TrackObjects_Linearity_50,TrackObjects_ParentImageNumber_50,TrackObjects_ParentObjectNumber_50,TrackObjects_TrajectoryX_50,TrackObjects_TrajectoryY_50
141,2273,324.67105263157896,1138.6842105263158,0,2273,227.731015230214,3.414471152076354,,959.9841099934522,4202,106,0.237223734080106,140.0,2241,3.3799635226680493,0.4842105263157918
142,2273,1911.2345679012344,1120.5216049382716,0,2273,32.18272037528544,12.424789230894527,,53.00835908497987,12926,6,0.6071253842001033,141.0,2248,-10.849044138899217,-6.055875552252473
143,2273,1485.56,1147.728,0,2273,74.48792598007088,3.814328626105038,,295.1668480182072,10338,38,0.2523587133182252,142.0,2304,-2.1050943396226103,3.180830188679238
144,2273,1373.6896551724135,1089.1637931034484,0,2273,7.0385098068760135,6.413154707290553,,16.447400821303575,13168,5,0.4279405532428777,143.0,2203,2.274655172413759,-5.996206896551712
145,2273,1487.7835820895525,1122.5932835820895,0,2273,56.680132147926265,3.3872795936766558,40.0,290.5374682019367,10338,40,0.1950871689586384,144.0,2330,3.386269229667505,0.082726960208447
