ImageNumber,ObjectNumber,Location_Center_X,Location_Center_Y,Location_Center_Z,Number_Object_Number,TrackObjects_Displacement_50,TrackObjects_DistanceTraveled_50,TrackObjects_FinalAge_50,TrackObjects_IntegratedDistance_50,TrackObjects_Label_50,TrackObjects_Lifetime_50,TrackObjects_Linearity_50,TrackObjects_ParentImageNumber_50,TrackObjects_ParentObjectNumber_50,TrackObjects_TrajectoryX_50,TrackObjects_TrajectoryY_50
137,2189,195.38679245283015,1150.9622641509434,0,2189,15.101052758300892,4.4044085129335615,,21.663296013036486,12612,5,0.6970801095647411,136.0,2129,1.0517670721195316,4.276984963126097
138,2189,646.6651376146789,1140.2293577981652,0,2189,1.2396736640327766,7.76600366658351,,48.78100178668683,12441,8,0.0254130423449217,137.0,2180,6.840364200781551,-3.6769866127108335
139,2189,1402.3487858719648,1150.944812362031,0,2189,0.0,0.0,1.0,0.0,13062,1,,0.0,0,0.0,0.0
140,2189,1797.9743975903614,1092.1551204819275,0,2189,119.67599209941712,9.731237726308429,,462.5388020837703,9726,42,0.2587371947180825,139.0,2114,-9.724297546056276,0.3674573739799598
141,2189,793.1636904761905,1072.544642857143,0,2189,15.977731205778724,20.822366708754902,,391.21985507598487,9724,43,0.0408407983349297,140.0,2134,9.05281627576403,18.751465884861545
142,2189,1145.7994858611826,1060.6298200514138,0,2189,196.07152877517,13.491699062869392,,404.99182529826464,10423,36,0.4841370035821564,141.0,2167,-13.42418123894754,-1.348073316596583
143,2189,1043.3622448979593,1088.7857142857142,0,2189,53.84605605687298,10.878143876596043,,405.27864362011735,9430,49,0.1328618147156672,142.0,2211,6.46387829178866,8.749416645060819
144,2189,800.9815950920246,1030.6073619631902,0,2189,47.42987598947518,5.873098761977782,,377.2281845176364,9724,46,0.1257325882214342,143.0,2126,-4.627513067368227,-3.616546955215881
145,2189,1034.6354166666667,1063.515625,0,2189,70.63245179231949,5.716668919817653,127.0,795.1106446078626,2616,127,0.0888334878564661,144.0,2241,-3.70519468704515,-4.353370633187751
