ImageNumber,ObjectNumber,Location_Center_X,Location_Center_Y,Location_Center_Z,Number_Object_Number,TrackObjects_Displacement_50,TrackObjects_DistanceTraveled_50,TrackObjects_FinalAge_50,TrackObjects_IntegratedDistance_50,TrackObjects_Label_50,TrackObjects_Lifetime_50,TrackObjects_Linearity_50,TrackObjects_ParentImageNumber_50,TrackObjects_ParentObjectNumber_50,TrackObjects_TrajectoryX_50,TrackObjects_TrajectoryY_50
140,2228,1965.225806451613,1126.9354838709678,0,2228,27.23628070613697,7.722678537121813,,40.41395475833417,12926,4,0.6739325777198357,139.0,2145,5.495806451612907,5.42548387096781
141,2228,411.4525547445256,1107.0,0,2228,51.5572547753048,3.402414155715448,,78.82958909602314,12362,12,0.6540342955803355,140.0,2204,-3.3956595411887065,0.2142857142857792
142,2228,793.9558823529412,1086.3051470588234,0,2228,16.909727028730703,13.783288571819767,,405.0031436478046,9724,44,0.041752088333012,141.0,2189,0.792191876750735,13.760504201680533
143,2228,1383.5484764542937,1116.5263157894738,0,2228,12.309945023569249,3.0804521928201782,,23.77215476916456,13060,5,0.5178304256851287,142.0,2264,2.5134360230267703,-1.7809618385585964
144,2228,189.6356275303644,1058.8704453441296,0,2228,36.79766616988867,1.1617869298813617,,71.86368964740588,12609,12,0.5120481059410368,143.0,2153,-0.6191495396993218,-0.9830578405837967
145,2228,1812.4214876033056,1094.198347107438,0,2228,105.1948520736618,13.43071756662538,47.0,488.8281771865612,9726,47,0.2151980122731636,144.0,2301,-10.149940968122792,-8.795616675258316
