ImageNumber,ObjectNumber,Location_Center_X,Location_Center_Y,Location_Center_Z,Number_Object_Number,TrackObjects_Displacement_50,TrackObjects_DistanceTraveled_50,TrackObjects_FinalAge_50,TrackObjects_IntegratedDistance_50,TrackObjects_Label_50,TrackObjects_Lifetime_50,TrackObjects_Linearity_50,TrackObjects_ParentImageNumber_50,TrackObjects_ParentObjectNumber_50,TrackObjects_TrajectoryX_50,TrackObjects_TrajectoryY_50
140,2259,1910.3641456582636,1144.420168067227,0,2259,30.362768713444865,23.908483223349425,,36.13644993214159,12926,4,0.8402255553730718,139.0,2158,-18.72497351272113,14.8657639221492
141,2259,614.9038461538462,1130.570512820513,0,2259,7.800626172201363,3.896982546007404,,65.6589666620149,12534,10,0.1188051924782147,140.0,2238,-1.5048494983277578,-3.594704570791464
142,2259,1804.1448087431693,1113.377049180328,0,2259,53.99873970817266,20.81977925796244,,259.18103824213745,11038,29,0.2083437124660518,141.0,2237,20.734450177432564,1.883025275945556
143,2259,54.01176470588236,1137.4058823529413,0,2259,2.325512986315472,4.736789325488261,,35.01636391724549,12850,8,0.0664121777981111,142.0,2294,4.138346984363366,2.3046165301564088
144,2259,848.8340248962655,1071.103734439834,0,2259,56.86813031520378,14.078909965582223,,670.882811087081,6481,84,0.0847661161910768,143.0,2193,3.448988399915152,-13.64991519520254
145,2259,807.6965944272446,1113.984520123839,0,2259,12.152005987872377,8.866601000136672,3.0,12.78579392571371,13459,3,0.9504303024494464,144.0,2319,7.025453487647269,-5.409215894057979
