ImageNumber,ObjectNumber,Location_Center_X,Location_Center_Y,Location_Center_Z,Number_Object_Number,TrackObjects_Displacement_50,TrackObjects_DistanceTraveled_50,TrackObjects_FinalAge_50,TrackObjects_IntegratedDistance_50,TrackObjects_Label_50,TrackObjects_Lifetime_50,TrackObjects_Linearity_50,TrackObjects_ParentImageNumber_50,TrackObjects_ParentObjectNumber_50,TrackObjects_TrajectoryX_50,TrackObjects_TrajectoryY_50
140,2238,616.408695652174,1134.1652173913044,0,2238,5.830775601373663,6.664114443919537,,61.761984116007504,12534,9,0.0944071937588941,139.0,2161,-5.248986288526908,4.105918199929647
141,2238,1887.808988764045,1114.8539325842696,0,2238,32.235096388992616,15.49380585745836,,50.00606087530577,12851,6,0.6446237880918771,140.0,2244,4.160970116026192,-14.92462219428512
142,2238,1478.482683982684,1096.8225108225108,0,2238,40.36400484467509,7.674440500648479,,420.400000482533,7150,74,0.0960133320607647,141.0,2211,1.3100649350649292,7.561796536796464
143,2238,799.7900262467192,1123.2125984251968,0,2238,0.0,0.0,,0.0,13459,1,,0.0,0,0.0,0.0
144,2238,29.80444444444445,1067.32,0,2238,129.78641251919765,1.3205742149862305,,417.3351334251602,9569,48,0.3109884649634271,143.0,2169,1.174657210401893,-0.6034042553192194
145,2238,436.8267716535433,1105.354330708661,0,2238,43.09203391034259,2.196594921486063,19.0,116.97187573042144,12137,19,0.3683965366995943,144.0,2296,-2.1144048170449423,-0.5952491232715147
