ImageNumber,ObjectNumber,Location_Center_X,Location_Center_Y,Location_Center_Z,Number_Object_Number,TrackObjects_Displacement_50,TrackObjects_DistanceTraveled_50,TrackObjects_FinalAge_50,TrackObjects_IntegratedDistance_50,TrackObjects_Label_50,TrackObjects_Lifetime_50,TrackObjects_Linearity_50,TrackObjects_ParentImageNumber_50,TrackObjects_ParentObjectNumber_50,TrackObjects_TrajectoryX_50,TrackObjects_TrajectoryY_50
142,2302,1316.7916666666667,1141.2333333333331,0,2302,35.17848979689977,11.545655370142278,,284.057405437828,10423,36,0.1238428892310618,141.0,2272,-9.37159863945567,6.743537414966113
144,2302,1948.2670157068064,1109.7434554973822,0,2302,85.27980091818257,15.354900495311057,,614.896902140477,6561,83,0.1386895927127306,143.0,2239,14.583603384531216,-4.805359668494475
145,2302,1318.4577922077922,1150.8084415584417,0,2302,42.946835453643175,31.146111828929765,39.0,319.85409044018706,10423,39,0.1342700835701029,144.0,2323,-7.803645700704465,30.15266813796211
