ImageNumber,ObjectNumber,Location_Center_X,Location_Center_Y,Location_Center_Z,Number_Object_Number,TrackObjects_Displacement_50,TrackObjects_DistanceTraveled_50,TrackObjects_FinalAge_50,TrackObjects_IntegratedDistance_50,TrackObjects_Label_50,TrackObjects_Lifetime_50,TrackObjects_Linearity_50,TrackObjects_ParentImageNumber_50,TrackObjects_ParentObjectNumber_50,TrackObjects_TrajectoryX_50,TrackObjects_TrajectoryY_50
137,2170,1277.2857142857142,1142.15,0,2170,21.7980903030534,10.62860814108851,7.0,35.35709150446699,12447,7,0.6165125403569872,136.0,2111,-8.954694921446844,5.7254475703325625
138,2170,1254.686274509804,1129.1843137254905,0,2170,20.596906478684023,12.167280683331166,,58.53637335006447,12616,6,0.3518650934438413,137.0,2144,-11.94395057058182,-2.3205094256352368
139,2170,321.30659025787963,1136.0659025787966,0,2170,225.02392000367416,6.4432057200218615,,954.4354851241364,4202,104,0.2357665064961483,138.0,2177,-5.716211045051978,-2.973185369086196
140,2170,852.5826086956522,1079.7652173913043,0,2170,66.07448769912737,7.2078148832216735,,644.3846646834439,6481,80,0.102538889145642,139.0,2096,7.194853593611356,-0.4320615202602766
141,2170,1593.93984962406,1060.1954887218046,0,2170,129.97709543319553,8.368009711709139,,482.6820674119273,7150,73,0.2692809702463451,140.0,2154,4.694235588972333,-6.927318295739269
142,2170,794.5672727272728,1052.6727272727271,0,2170,28.368590560022025,24.726244018476937,,409.4535840318107,9724,44,0.0692840206225134,141.0,2154,24.725449670972463,0.1981964416281698
143,2170,1398.2464788732395,1069.3309859154929,0,2170,14.25397782820192,3.670845230888768,,78.81175974719059,12528,12,0.1808610526389119,142.0,2205,2.93308174405297,-2.207291596468849
144,2170,151.89954337899545,1019.1232876712328,0,2170,58.625074352708026,0.834647484408183,,455.18307030207984,6387,85,0.1287944964952273,143.0,2101,-0.823727061256136,-0.1345739639872363
145,2170,1825.9358974358972,1053.405982905983,0,2170,120.48802029043038,9.474247237778949,84.0,708.0665229049343,6561,84,0.1701648311180039,144.0,2208,8.271586481833765,4.619763824710844
