ImageNumber,ObjectNumber,Location_Center_X,Location_Center_Y,Location_Center_Z,Number_Object_Number,TrackObjects_Displacement_50,TrackObjects_DistanceTraveled_50,TrackObjects_FinalAge_50,TrackObjects_IntegratedDistance_50,TrackObjects_Label_50,TrackObjects_Lifetime_50,TrackObjects_Linearity_50,TrackObjects_ParentImageNumber_50,TrackObjects_ParentObjectNumber_50,TrackObjects_TrajectoryX_50,TrackObjects_TrajectoryY_50
141,2272,1326.1632653061224,1134.4897959183672,0,2272,24.92558370991131,7.517505281865549,,272.5117500676857,10423,35,0.0914660879896751,140.0,2257,-5.443877551020478,-5.184311224489875
142,2272,1228.16,1121.24,0,2272,107.52275676485672,12.14914085140274,,374.3135300868839,10423,36,0.2872531931717751,141.0,2234,10.088571428571411,6.769220779220859
143,2272,1072.9625,1144.575,0,2272,0.0,0.0,1.0,0.0,13462,1,,0.0,0,0.0,0.0
144,2272,1984.3490566037733,1090.372641509434,0,2272,77.6980133800358,23.605647861929025,,630.6988014727184,6561,83,0.1231935326317513,143.0,2202,-19.12958846250035,-13.830598549476008
145,2272,1669.344680851064,1119.855319148936,0,2272,39.44382229269372,7.734388287824524,11.0,107.19860610099002,12781,11,0.3679508878644779,144.0,2313,-7.704468487310351,-0.6796524956762369
