ImageNumber,ObjectNumber,Location_Center_X,Location_Center_Y,Location_Center_Z,Number_Object_Number,TrackObjects_Displacement_50,TrackObjects_DistanceTraveled_50,TrackObjects_FinalAge_50,TrackObjects_IntegratedDistance_50,TrackObjects_Label_50,TrackObjects_Lifetime_50,TrackObjects_Linearity_50,TrackObjects_ParentImageNumber_50,TrackObjects_ParentObjectNumber_50,TrackObjects_TrajectoryX_50,TrackObjects_TrajectoryY_50
140,2244,1883.6480186480187,1129.7785547785547,0,2244,17.67850552930729,9.209259711162131,,34.51225501784741,12851,5,0.5122384938383528,139.0,2174,4.449039056182073,-8.063281956139235
141,2244,627.7203389830509,1121.228813559322,0,2244,22.931467173478808,1.0228992418584282,,66.36249671301405,12534,10,0.3455485900816299,140.0,2222,1.0194842821961174,0.0835144140230568
142,2244,1454.73,1099.11,0,2244,16.922522205998163,1.505298780893134,,286.973762853517,10338,37,0.0589688828613788,141.0,2222,1.469436619718408,-0.3266197183099848
143,2244,1869.0294736842104,1131.221052631579,0,2244,24.16527983564501,5.434748645508525,,51.3678664997208,12851,8,0.4704357311740085,142.0,2284,-5.366802911534251,0.8566909294513607
144,2244,895.7415730337078,1064.5112359550562,0,2244,81.05047840986835,2.9303932739239675,,241.960898458952,10609,36,0.3349734561496445,143.0,2166,-2.7569606906323543,-0.9931628719232322
145,2244,1491.357894736842,1105.9894736842105,0,2244,50.57111059681537,4.212618553686998,40.0,302.83529376704035,10338,40,0.1669921295095736,144.0,2297,-2.314832535885216,-3.5196172248804487
