ImageNumber,ObjectNumber,Location_Center_X,Location_Center_Y,Location_Center_Z,Number_Object_Number,TrackObjects_Displacement_50,TrackObjects_DistanceTraveled_50,TrackObjects_FinalAge_50,TrackObjects_IntegratedDistance_50,TrackObjects_Label_50,TrackObjects_Lifetime_50,TrackObjects_Linearity_50,TrackObjects_ParentImageNumber_50,TrackObjects_ParentObjectNumber_50,TrackObjects_TrajectoryX_50,TrackObjects_TrajectoryY_50
141,2277,1786.0359712230215,1139.928057553957,0,2277,64.75375260632272,2.278509955649145,,223.4634628114833,11038,28,0.2897733338221373,140.0,2254,-1.1958168564485732,-1.9394921149171296
142,2277,1837.061403508772,1126.640350877193,0,2277,0.0,0.0,,0.0,13358,1,,0.0,0,0.0,0.0
143,2277,1544.438953488372,1149.8313953488373,0,2277,8.05371455288496,8.05371455288496,2.0,8.05371455288496,13360,2,1.0,142.0,2310,7.9938985433173,0.9797469971888404
144,2277,558.2238267148015,1095.5234657039712,0,2277,21.311528444756675,2.760258025593247,,40.77554325980614,12925,8,0.5226546782949716,143.0,2205,-2.760096114780481,0.029896572138341
145,2277,651.1815181518152,1125.6105610561056,0,2277,41.21293423691329,7.123275304043837,14.0,119.34554114821016,12534,14,0.3453244573731723,144.0,2340,1.4956059116304914,-6.964496680614957
