ImageNumber,ObjectNumber,Location_Center_X,Location_Center_Y,Location_Center_Z,Number_Object_Number,TrackObjects_Displacement_50,TrackObjects_DistanceTraveled_50,TrackObjects_FinalAge_50,TrackObjects_IntegratedDistance_50,TrackObjects_Label_50,TrackObjects_Lifetime_50,TrackObjects_Linearity_50,TrackObjects_ParentImageNumber_50,TrackObjects_ParentObjectNumber_50,TrackObjects_TrajectoryX_50,TrackObjects_TrajectoryY_50
137,2185,1330.7234432234432,1140.8351648351647,0,2185,29.907472687141777,17.104936316680615,,241.8867747458003,10423,31,0.1236424468372512,136.0,2095,-2.567696017063099,16.91111420225343
138,2185,1706.5286458333333,1147.7239583333333,0,2185,24.888362330701053,14.644122407325154,,39.97380888639246,12777,4,0.6226167339078197,137.0,2165,-9.91627857271419,10.775794186464964
139,2185,857.5204678362574,1140.9883040935672,0,2185,19.63889322424779,16.916215223703638,,19.677356619610578,12930,3,0.998045296626659,138.0,2211,-14.28192737332347,-9.0655881220016
140,2185,1982.2906976744189,1093.9302325581396,0,2185,79.69417994938797,10.70347262120686,,605.0743039995862,6561,79,0.1317097411385734,139.0,2104,-8.139226568005597,6.951065891472808
141,2185,1381.3333333333333,1073.0313725490196,0,2185,80.05905396046609,2.2601350361998693,,196.04611698355623,11797,19,0.4083684757050363,140.0,2165,1.8550724637680105,-1.2910912190964154
142,2185,569.6388888888889,1064.835648148148,0,2185,93.79630956835632,7.860751825232778,,105.45272136108063,12695,9,0.8894631485818977,141.0,2173,6.012452107279728,-5.063777139208241
143,2185,1974.012254901961,1081.9632352941176,0,2185,65.21281663299528,27.301610569232967,,624.4724922433891,6561,82,0.104428645685771,142.0,2225,-22.99368334031942,-14.719662568115154
144,2185,1069.6871165644172,1031.1411042944785,0,2185,0.0,0.0,,0.0,13547,1,,0.0,0,0.0,0.0
145,2185,348.53932584269666,1064.1460674157304,0,2185,6.7844112582605325,5.547601017391088,3.0,11.323005997904756,13455,3,0.5991705082127433,144.0,2235,-5.259181619989931,1.765470400805043
