ImageNumber,ObjectNumber,Location_Center_X,Location_Center_Y,Location_Center_Z,Number_Object_Number,TrackObjects_Displacement_50,TrackObjects_DistanceTraveled_50,TrackObjects_FinalAge_50,TrackObjects_IntegratedDistance_50,TrackObjects_Label_50,TrackObjects_Lifetime_50,TrackObjects_Linearity_50,TrackObjects_ParentImageNumber_50,TrackObjects_ParentObjectNumber_50,TrackObjects_TrajectoryX_50,TrackObjects_TrajectoryY_50
137,2182,60.1822429906542,1146.5607476635514,0,2182,11.44829428458865,11.44829428458865,,11.44829428458865,12849,2,1.0,136.0,2137,-11.049641067316813,-2.9948078920042462
138,2182,296.94584837545125,1138.3610108303249,0,2182,140.80269324166898,4.836678394159173,,193.90207131588707,11623,18,0.7261536315013697,137.0,2166,4.562064591667479,-1.6065567372427267
139,2182,241.2603648424544,1147.334991708126,0,2182,84.48262224893762,5.931943667214658,,164.23229835333896,11623,19,0.5144093037483819,138.0,2196,-5.78850733799672,-1.296587239242399
140,2182,1976.755263157895,1102.3486842105262,0,2182,84.75725634072906,16.325332962195667,,624.9078550152507,6561,79,0.1356316065808783,139.0,2102,6.690366402732479,14.891457071883224
141,2182,1913.9930795847752,1082.318339100346,0,2182,64.5420027177176,3.87011739281216,,534.4622607031993,6561,80,0.1207606363689716,140.0,2167,1.4807120936090996,-3.575653832516082
142,2182,1904.631663974152,1057.2730210016157,0,2182,50.32757087307518,1.993022811715995,,551.3436484968428,6561,81,0.0912816734359521,141.0,2162,0.745258015120271,1.848439996028901
143,2182,1994.760683760684,1073.8632478632478,0,2182,71.48105135433119,10.506670324630386,,645.7037376180494,6561,82,0.110702551634623,142.0,2194,8.238605838605963,6.520390720390651
144,2182,162.16923076923078,1024.5846153846153,0,2182,129.1818982859975,4.029694807272373,,572.465723380289,5417,96,0.2256587477817986,143.0,2109,-4.0291163382072455,-0.0682771773681452
145,2182,898.3024390243902,1065.9512195121952,0,2182,78.74237768264335,2.9379563078888866,37.0,244.8988547668409,10609,37,0.321530199712902,144.0,2244,2.560865990682373,1.4399835571389303
