ImageNumber,ObjectNumber,Location_Center_X,Location_Center_Y,Location_Center_Z,Number_Object_Number,TrackObjects_Displacement_50,TrackObjects_DistanceTraveled_50,TrackObjects_FinalAge_50,TrackObjects_IntegratedDistance_50,TrackObjects_Label_50,TrackObjects_Lifetime_50,TrackObjects_Linearity_50,TrackObjects_ParentImageNumber_50,TrackObjects_ParentObjectNumber_50,TrackObjects_TrajectoryX_50,TrackObjects_TrajectoryY_50
138,2214,1255.2918287937744,1154.2996108949417,0,2214,4.957464459868288,4.957464459868288,,4.957464459868288,12931,2,1.0,137.0,2194,-4.945818265049184,0.339610894941643
140,2214,597.2192513368984,1113.4491978609626,0,2214,28.309505145714223,12.329173453137416,,79.06489387211431,12534,9,0.3580540459777788,139.0,2171,-0.6458089040654613,-12.312247922169943
141,2214,139.27205882352942,1092.9411764705883,0,2214,71.40850189523725,5.420161653577477,,172.63128468809265,11530,22,0.4136475148421501,140.0,2179,-4.854067302596718,-2.411676382264659
142,2214,1474.3870967741937,1078.6075268817203,0,2214,22.06418544345536,11.01133671269596,,423.7368966945805,7150,74,0.0520704843396224,141.0,2211,-2.7855222734253857,-10.653187403994025
143,2214,1222.1490312965725,1105.6110283159464,0,2214,113.2116665190638,4.6305292355993,,372.08882804558704,10423,37,0.3042597841857093,142.0,2251,2.7298696199254664,-3.740269089243157
144,2214,343.1081081081081,1053.9837837837838,0,2214,23.565323756778607,15.033999858086748,,25.678317164048018,13258,4,0.9177129329087113,143.0,2168,11.372067498971091,-9.833475099464977
145,2214,1372.0520833333333,1083.2604166666667,0,2214,13.075527336901043,6.126295363635181,6.0,22.573696184938758,13168,6,0.5792373224915236,144.0,2273,-1.637571839080465,-5.903376436781628
