ImageNumber,ObjectNumber,Location_Center_X,Location_Center_Y,Location_Center_Z,Number_Object_Number,TrackObjects_Displacement_50,TrackObjects_DistanceTraveled_50,TrackObjects_FinalAge_50,TrackObjects_IntegratedDistance_50,TrackObjects_Label_50,TrackObjects_Lifetime_50,TrackObjects_Linearity_50,TrackObjects_ParentImageNumber_50,TrackObjects_ParentObjectNumber_50,TrackObjects_TrajectoryX_50,TrackObjects_TrajectoryY_50
140,2256,238.1021505376344,1145.994623655914,0,2256,81.47265474838316,3.430875123136975,,167.66317347647595,11623,20,0.4859305299968822,139.0,2182,-3.158214304820006,-1.340368052211943
141,2256,918.4294871794872,1127.2948717948718,0,2256,0.0,0.0,1.0,0.0,13263,1,,0.0,0,0.0,0.0
142,2256,1270.5434782608695,1109.608695652174,0,2256,0.778700002019159,2.260515870733559,3.0,4.823792580689168,13171,3,0.1614289978255879,141.0,2233,-1.786308973172936,1.385291396854882
143,2256,344.67261904761904,1133.375,0,2256,224.01313489869227,6.520419962510821,,978.41557230435,4202,108,0.2289549974875193,142.0,2296,4.603528138528134,-4.617727272727279
144,2256,37.26797385620915,1076.8464052287582,0,2256,134.74405181631232,2.1303935646372416,,417.8407687388551,9569,48,0.322477034069707,143.0,2190,0.5386009189154208,-2.0611855303177435
145,2256,1855.579881656805,1111.621301775148,0,2256,59.1754901029865,7.208570111660357,47.0,489.7562956041312,9726,47,0.12082640005677,144.0,2315,7.180227677565881,0.6386028132101274
