ImageNumber,ObjectNumber,Location_Center_X,Location_Center_Y,Location_Center_Z,Number_Object_Number,TrackObjects_Displacement_50,TrackObjects_DistanceTraveled_50,TrackObjects_FinalAge_50,TrackObjects_IntegratedDistance_50,TrackObjects_Label_50,TrackObjects_Lifetime_50,TrackObjects_Linearity_50,TrackObjects_ParentImageNumber_50,TrackObjects_ParentObjectNumber_50,TrackObjects_TrajectoryX_50,TrackObjects_TrajectoryY_50
138,2199,60.60063897763578,1146.591054313099,0,2199,11.036831047663965,0.4194921869702581,3.0,11.867786471558908,12849,3,0.9299822737891076,137.0,2182,0.4183959869815794,0.0303066495475832
140,2199,1233.3053097345132,1098.2986725663716,0,2199,102.7358393009099,10.697043527055254,,354.93890536028334,10423,34,0.2894465434738047,139.0,2130,4.459155888359419,-9.72330545560635
141,2199,1997.875,1083.0833333333333,0,2199,0.0,0.0,,0.0,13261,1,,0.0,0,0.0,0.0
142,2199,1964.798611111111,1074.2569444444443,0,2199,54.22835771000178,11.1736116445999,,573.2678933620099,6561,81,0.0945951418837918,141.0,2172,10.036041278708808,4.911972377405164
143,2199,141.90201729106627,1098.0403458213257,0,2199,68.72384557914614,9.449089975825837,,189.22334204020453,11530,24,0.3631890486562926,142.0,2242,-9.444649375600392,-0.2896541786742546
144,2199,1931.955223880597,1038.7276119402984,0,2199,17.870038747148083,3.446777001058643,,548.94646725285,6561,83,0.0325533359137494,143.0,2132,2.7637345188948075,-2.059622102254707
145,2199,38.93188854489164,1073.529411764706,0,2199,131.03405192622105,3.7109375812291754,49.0,421.5517063200842,9569,49,0.310837436930517,144.0,2256,1.663914688682489,-3.3169934640523024
