ImageNumber,ObjectNumber,Location_Center_X,Location_Center_Y,Location_Center_Z,Number_Object_Number,TrackObjects_Displacement_50,TrackObjects_DistanceTraveled_50,TrackObjects_FinalAge_50,TrackObjects_IntegratedDistance_50,TrackObjects_Label_50,TrackObjects_Lifetime_50,TrackObjects_Linearity_50,TrackObjects_ParentImageNumber_50,TrackObjects_ParentObjectNumber_50,TrackObjects_TrajectoryX_50,TrackObjects_TrajectoryY_50
141,2274,1694.0729166666667,1140.1215277777778,0,2274,7.664557543472439,8.891271219381716,,58.83651934541856,12781,7,0.130268711146477,140.0,2248,2.814583333333303,8.434027777777828
142,2274,1679.0642857142857,1126.15,0,2274,28.07238018521562,21.64764745043688,,85.19737452939724,12781,8,0.3294981839555312,141.0,2235,-17.320588235294053,12.985294117647072
143,2274,435.84090909090907,1146.1363636363635,0,2274,41.073602391500295,8.426831365338332,,104.2588967396576,11892,20,0.3939577693217319,142.0,2315,-8.394030668127073,0.7427893391750331
144,2274,135.07471264367817,1090.367816091954,0,2274,71.47067538340482,10.270335982641466,,199.493678022846,11530,25,0.3582603523667553,143.0,2199,-6.827304647388104,-7.672529729371718
145,2274,1244.5813333333333,1132.7706666666666,0,2274,21.89362222204922,18.664482151525704,13.0,113.99930280846328,12616,13,0.1920504922633951,144.0,2336,-15.023929824561492,11.074494417862752
