ImageNumber,ObjectNumber,Location_Center_X,Location_Center_Y,Location_Center_Z,Number_Object_Number,TrackObjects_Displacement_50,TrackObjects_DistanceTraveled_50,TrackObjects_FinalAge_50,TrackObjects_IntegratedDistance_50,TrackObjects_Label_50,TrackObjects_Lifetime_50,TrackObjects_Linearity_50,TrackObjects_ParentImageNumber_50,TrackObjects_ParentObjectNumber_50,TrackObjects_TrajectoryX_50,TrackObjects_TrajectoryY_50
141,2279,1489.2064056939505,1148.476868327402,0,2279,77.13353836657687,8.598808773459599,,287.1313618354275,10338,36,0.2686350173436881,140.0,2260,-8.485751168794877,-1.3897983392644164
142,2279,1928.4193548387095,1135.6290322580646,0,2279,11.090283779715078,11.048630060336572,,51.63219991442192,12926,6,0.2147939425028709,141.0,2248,6.335742798575893,9.05155176754056
143,2279,640.6587301587301,1153.436507936508,0,2279,2.945749763924534,2.945749763924534,2.0,2.945749763924534,13362,2,1.0,142.0,2312,-0.4085775335776134,2.917277167277234
144,2279,413.1655172413793,1096.1310344827589,0,2279,208.5671575746701,12.339821690871965,,922.4986594303768,4202,109,0.2260893882528304,143.0,2196,-8.93889111128891,8.506904552364176
145,2279,1459.8752941176472,1125.7223529411765,0,2279,3.781725783803511,2.074536603526113,11.0,66.50551570623261,12779,11,0.0568633404860448,144.0,2339,1.1376317799847584,-1.734789915966303
