ImageNumber,ObjectNumber,Location_Center_X,Location_Center_Y,Location_Center_Z,Number_Object_Number,TrackObjects_Displacement_50,TrackObjects_DistanceTraveled_50,TrackObjects_FinalAge_50,TrackObjects_IntegratedDistance_50,TrackObjects_Label_50,TrackObjects_Lifetime_50,TrackObjects_Linearity_50,TrackObjects_ParentImageNumber_50,TrackObjects_ParentObjectNumber_50,TrackObjects_TrajectoryX_50,TrackObjects_TrajectoryY_50
140,2230,58.90332326283988,1137.583081570997,0,2230,6.226955582458127,5.017249640117575,,19.7280886076396,12850,5,0.315639072101834,139.0,2160,1.2404444749610877,4.861490661905918
141,2230,436.8831168831169,1106.1493506493507,0,2230,42.61574442219402,8.552514196591437,,103.60511322286412,12137,15,0.4113285830837677,140.0,2207,4.809253246753258,-7.072240259740283
142,2230,149.3,1090.5882352941176,0,2230,79.13846915051687,1.8940262592696389,,174.5637407928926,11530,23,0.4533499843155229,141.0,2210,0.5908163265306143,-1.7995198079231614
143,2230,1719.2819429778249,1127.2618796198522,0,2230,3.156291926998143,1.8302609972299384,,89.64189214996607,12777,9,0.0352100100890087,142.0,2289,1.7755735510729664,-0.4440651784493639
144,2230,1281.6931818181818,1059.7386363636365,0,2230,0.0,0.0,1.0,0.0,13551,1,,0.0,0,0.0,0.0
145,2230,1824.236559139785,1098.8494623655913,0,2230,92.5746619931474,4.46649211418306,47.0,479.8639517341188,9726,47,0.1929185588094369,144.0,2301,1.6651305683562896,-4.144501417104948
