ImageNumber,ObjectNumber,Location_Center_X,Location_Center_Y,Location_Center_Z,Number_Object_Number,TrackObjects_Displacement_50,TrackObjects_DistanceTraveled_50,TrackObjects_FinalAge_50,TrackObjects_IntegratedDistance_50,TrackObjects_Label_50,TrackObjects_Lifetime_50,TrackObjects_Linearity_50,TrackObjects_ParentImageNumber_50,TrackObjects_ParentObjectNumber_50,TrackObjects_TrajectoryX_50,TrackObjects_TrajectoryY_50
140,2235,1125.7957957957958,1132.948948948949,0,2235,56.32718018537657,22.40526930605865,,387.8381030448525,9430,46,0.1452337450682675,139.0,2178,20.371180411180376,-9.32797412797413
141,2235,1696.3848739495795,1113.164705882353,0,2235,33.20575252151283,8.396573616866908,,63.54972707896036,12781,7,0.5225160523546352,140.0,2209,-5.0221803878844185,6.729052879493111
142,2235,1374.8658008658008,1092.9004329004329,0,2235,3.4219260828109137,2.0023855723762245,,5.909483079260797,13168,3,0.5790567528351319,141.0,2209,-1.910514923672963,-0.5995670995671389
143,2235,1891.961206896552,1123.7327586206898,0,2235,9.43442132999824,1.1054956722500415,,19.55823005438568,13007,6,0.4823760280845399,142.0,2275,-0.8172021943573782,-0.744514106582983
144,2235,353.7985074626866,1062.3805970149251,0,2235,5.775404980513668,5.775404980513668,,5.775404980513668,13455,2,1.0,143.0,2151,3.3098710990502127,4.7328697421980905
145,2235,1795.3357438016528,1102.9121900826449,0,2235,40.69090307438938,12.528639226563,32.0,285.1560059497547,11038,32,0.1426969877027918,144.0,2324,7.935081549997221,-9.695425811395124
