ImageNumber,ObjectNumber,Location_Center_X,Location_Center_Y,Location_Center_Z,Number_Object_Number,TrackObjects_Displacement_50,TrackObjects_DistanceTraveled_50,TrackObjects_FinalAge_50,TrackObjects_IntegratedDistance_50,TrackObjects_Label_50,TrackObjects_Lifetime_50,TrackObjects_Linearity_50,TrackObjects_ParentImageNumber_50,TrackObjects_ParentObjectNumber_50,TrackObjects_TrajectoryX_50,TrackObjects_TrajectoryY_50
140,2264,335.4633204633205,1156.907335907336,0,2264,246.51947073633812,13.005297526224991,,971.1596413367096,4202,105,0.2538403165076211,139.0,2179,-5.907540463831822,11.586143854355669
141,2264,1456.8413547237076,1129.2032085561498,0,2264,1.2130366942303628,2.752344616897584,,50.37765202617104,12779,7,0.0240788652396938,140.0,2243,1.6399054483451891,2.210454932961284
142,2264,1381.035040431267,1118.3072776280324,0,2264,10.514281736261117,4.912821039020577,,20.691702576344383,13060,4,0.5081399994740635,141.0,2239,-3.920803724577354,-2.9602548395000667
143,2264,1243.077981651376,1144.2522935779816,0,2264,16.604364398401895,14.314904260916428,,94.3365166157253,12616,11,0.1760120576217465,142.0,2288,-11.147824800236776,8.980116158626743
144,2264,439.3625,1082.35,0,2264,210.51706601493208,18.04600160230481,,928.2048393418096,4202,109,0.2268002245756548,143.0,2196,17.25809164733181,-5.274129930394565
145,2264,1880.1574074074076,1114.1296296296296,0,2264,33.71121314364037,6.594040928450894,10.0,64.9576680903305,12851,10,0.5189720341678733,144.0,2304,-4.794647387113173,4.526889903602068
