ImageNumber,ObjectNumber,Location_Center_X,Location_Center_Y,Location_Center_Z,Number_Object_Number,TrackObjects_Displacement_50,TrackObjects_DistanceTraveled_50,TrackObjects_FinalAge_50,TrackObjects_IntegratedDistance_50,TrackObjects_Label_50,TrackObjects_Lifetime_50,TrackObjects_Linearity_50,TrackObjects_ParentImageNumber_50,TrackObjects_ParentObjectNumber_50,TrackObjects_TrajectoryX_50,TrackObjects_TrajectoryY_50
140,2246,1803.552590266876,1141.833594976452,0,2246,74.71196127564681,6.756671962359504,,240.268612451673,11038,27,0.3109518156087665,139.0,2173,-3.733124018838225,5.631731622414918
141,2246,396.8627450980392,1124.7385620915034,0,2246,28.847650068310667,4.145195519554209,,63.21714695426112,12362,12,0.4563263522345057,140.0,2224,3.56377602587429,-2.11710801158938
142,2246,330.7079646017699,1102.650442477876,0,2246,192.0598220122256,2.782627461538492,,936.6590734463592,4202,107,0.2050477355710199,141.0,2224,-1.4050297485125611,2.401854907254574
143,2246,1849.2742382271467,1128.5263157894738,0,2246,12.357596672035166,12.357596672035166,,12.357596672035166,13358,2,1.0,142.0,2277,12.21283471837478,1.8859649122807696
144,2246,1973.8783068783068,1074.1375661375662,0,2246,58.38072844348696,7.826815432910149,,632.2993076762992,6561,83,0.0923308435336363,143.0,2185,-0.1339480236540566,-7.825669156551385
145,2246,1832.3858267716532,1104.3228346456692,0,2246,83.36326040013172,9.903954250855262,47.0,485.301413870791,9726,47,0.1717762570177196,144.0,2301,9.814398200224788,1.3288708629729626
