ImageNumber,ObjectNumber,Location_Center_X,Location_Center_Y,Location_Center_Z,Number_Object_Number,TrackObjects_Displacement_50,TrackObjects_DistanceTraveled_50,TrackObjects_FinalAge_50,TrackObjects_IntegratedDistance_50,TrackObjects_Label_50,TrackObjects_Lifetime_50,TrackObjects_Linearity_50,TrackObjects_ParentImageNumber_50,TrackObjects_ParentObjectNumber_50,TrackObjects_TrajectoryX_50,TrackObjects_TrajectoryY_50
138,2215,1792.0895953757226,1157.1589595375722,0,2215,83.00204775281603,16.891020144257816,,219.0857689424645,11038,25,0.378856409311614,137.0,2177,15.366056671141225,7.013619885123489
140,2215,1468.1015452538632,1117.0022075055188,0,2215,39.24574972989404,0.8395232961286904,,288.38885635649564,10338,35,0.1360862213114777,139.0,2140,-0.7067336132392938,-0.4531301851129683
141,2215,555.3864468864468,1097.062271062271,0,2215,18.08572559800629,4.869796631113124,,31.25120909065425,12925,5,0.5787208279059792,140.0,2186,-4.545433222544943,1.747557165813305
142,2215,1692.5456053067994,1075.878938640133,0,2215,70.67762496039701,8.181154712736674,,89.3101245521253,12781,8,0.7913730421364092,141.0,2198,3.177184254167741,-7.539018016214186
143,2215,1911.8690095846648,1101.817891373802,0,2215,5.620830355043623,5.293522613754567,,13.267576933451576,13170,4,0.4236516119889087,142.0,2245,-1.1848826309042124,5.159208739071573
144,2215,931.984419263456,1053.9929178470254,0,2215,55.18080515048896,6.216160766620896,,61.36690894949965,13160,5,0.899194795616944,143.0,2138,-4.357663717068931,-4.432992398529223
145,2215,1403.5367231638418,1087.3050847457628,0,2215,0.0,0.0,1.0,0.0,13631,1,,0.0,0,0.0,0.0
