ImageNumber,ObjectNumber,Location_Center_X,Location_Center_Y,Location_Center_Z,Number_Object_Number,TrackObjects_Displacement_50,TrackObjects_DistanceTraveled_50,TrackObjects_FinalAge_50,TrackObjects_IntegratedDistance_50,TrackObjects_Label_50,TrackObjects_Lifetime_50,TrackObjects_Linearity_50,TrackObjects_ParentImageNumber_50,TrackObjects_ParentObjectNumber_50,TrackObjects_TrajectoryX_50,TrackObjects_TrajectoryY_50
140,2248,1691.2583333333334,1131.6875,0,2248,16.355714803222412,13.25204098420254,,49.94524812603685,12781,6,0.3274728911537042,139.0,2143,-12.721994535519116,3.7104508196721326
141,2248,1922.0836120401336,1126.577480490524,0,2248,19.75915183191811,17.983439528119447,,40.58356985408535,12926,5,0.4868756470404255,140.0,2233,-16.48892681996972,-7.177700856626188
142,2248,412.6592920353982,1106.646017699115,0,2248,52.51806348711511,1.257584334556732,,80.08717343057987,12362,13,0.655761231636401,141.0,2228,1.2067372908726384,-0.3539823008850362
143,2248,1786.4606741573034,1126.379213483146,0,2248,52.63465290622904,6.373781744087637,,258.8237267042039,11038,30,0.2033610039406566,142.0,2291,-5.875911208550178,-2.469567004658757
144,2248,366.9714285714286,1071.7904761904765,0,2248,0.0,0.0,1.0,0.0,13552,1,,0.0,0,0.0,0.0
145,2248,1632.3168316831684,1111.5478547854786,0,2248,0.0,0.0,1.0,0.0,13632,1,,0.0,0,0.0,0.0
