ImageNumber,ObjectNumber,Location_Center_X,Location_Center_Y,Location_Center_Z,Number_Object_Number,TrackObjects_Displacement_50,TrackObjects_DistanceTraveled_50,TrackObjects_FinalAge_50,TrackObjects_IntegratedDistance_50,TrackObjects_Label_50,TrackObjects_Lifetime_50,TrackObjects_Linearity_50,TrackObjects_ParentImageNumber_50,TrackObjects_ParentObjectNumber_50,TrackObjects_TrajectoryX_50,TrackObjects_TrajectoryY_50
137,2192,1911.465671641791,1142.307462686567,0,2192,39.433062982200816,9.353158387610335,,166.39134544519194,11896,14,0.236989867932703,136.0,2142,5.950778024769761,-7.215941568751987
138,2192,472.9320652173913,1138.3260869565215,0,2192,19.465907963357477,1.9761802692589936,,33.43345733953659,12442,8,0.5822283877395519,137.0,2172,1.932065217391312,-0.4152257847908913
139,2192,938.448132780083,1151.734439834025,0,2192,3.418352221806579,3.418352221806579,2.0,3.418352221806579,13011,2,1.0,138.0,2212,0.1381327800830831,-3.4155601659751937
140,2192,1453.8362068965516,1099.1896551724135,0,2192,16.511141324459704,2.017180286388537,,284.84208004923767,10338,35,0.0579659484357283,139.0,2116,-1.8013769960657555,0.907775977782876
141,2192,820.1925465838509,1084.1149068322982,0,2192,58.62857910393698,1.717953213958803,,666.2229496488062,6481,81,0.0880014402608654,140.0,2173,1.3224559494098005,-1.0965735302395387
142,2192,1591.652021089631,1054.8207381370826,0,2192,127.75880932363476,5.84141277867931,,488.52348019060656,7150,74,0.2615203045589278,141.0,2170,-2.2878285344290816,-5.374750584722051
143,2192,1716.4908424908424,1074.4713064713064,0,2192,74.01536303233247,8.151881655169934,,106.65325608675964,12781,9,0.6939812786599118,142.0,2233,-3.750948553933768,-7.237648752574159
144,2192,116.17857142857144,1036.3333333333333,0,2192,89.07543801532341,4.7862949620310165,,560.4434879646207,5417,96,0.158937412831437,143.0,2105,1.0054945054945108,4.679487179487069
145,2192,1993.1145038167936,1066.5114503816794,0,2192,65.35883941279997,0.3437666753640226,84.0,648.6651085467175,6561,84,0.1007589872672992,144.0,2242,0.2687895310793919,0.2143075245364798
