ImageNumber,ObjectNumber,Location_Center_X,Location_Center_Y,Location_Center_Z,Number_Object_Number,TrackObjects_Displacement_50,TrackObjects_DistanceTraveled_50,TrackObjects_FinalAge_50,TrackObjects_IntegratedDistance_50,TrackObjects_Label_50,TrackObjects_Lifetime_50,TrackObjects_Linearity_50,TrackObjects_ParentImageNumber_50,TrackObjects_ParentObjectNumber_50,TrackObjects_TrajectoryX_50,TrackObjects_TrajectoryY_50
137,2165,1716.4449244060474,1136.9481641468683,0,2165,10.311442383913738,10.328137426234557,,25.329686479067306,12777,3,0.4070892228545826,136.0,2134,-8.213228835602877,-6.262051963151407
138,2165,1749.023872679045,1131.37400530504,0,2165,53.04581434983943,5.039794086008891,,207.8998639336529,11038,25,0.2551507891643832,137.0,2149,4.609959635566838,2.0366140006919977
139,2165,450.2611275964392,1133.545994065282,0,2165,40.71818736991551,1.4792058264691723,,90.97990918097976,11892,16,0.4475514180709695,138.0,2178,0.0523897323615187,-1.4782777793782316
140,2165,1379.4782608695652,1074.322463768116,0,2165,81.77217556835937,7.166546380625352,,193.7859819473564,11797,18,0.4219715726939087,139.0,2085,4.566756444786506,5.523053738617364
141,2165,804.5755208333334,1066.3151041666667,0,2165,11.770946489644547,23.991674023945,,394.389162391175,9724,43,0.0298460191407834,140.0,2134,20.46464663290692,12.521927194385398
142,2165,1986.615635179153,1047.2377850162866,0,2165,49.18224314104231,17.402661045455396,,482.2824451270725,6561,81,0.1019780911330573,141.0,2133,11.692725298588355,12.889250814332172
143,2165,1983.1615120274917,1066.635738831615,0,2165,58.15874253626908,3.434154836047938,,638.631222129467,6561,82,0.091067803328411,142.0,2194,-3.3605658945864434,-0.707118311242084
144,2165,1834.9087947882736,1011.6188925081432,0,2165,108.80925948085614,2.502639078344965,,681.4700587651078,6561,83,0.1596684374923668,143.0,2099,0.9246678041465656,-2.325551936301167
145,2165,1353.8532110091744,1050.3302752293578,0,2165,15.43444805602427,3.068052106923107,4.0,27.764899687866468,13354,4,0.5558978505068857,144.0,2216,-3.0673187921499903,-0.0670757640198189
