ImageNumber,ObjectNumber,Location_Center_X,Location_Center_Y,Location_Center_Z,Number_Object_Number,TrackObjects_Displacement_50,TrackObjects_DistanceTraveled_50,TrackObjects_FinalAge_50,TrackObjects_IntegratedDistance_50,TrackObjects_Label_50,TrackObjects_Lifetime_50,TrackObjects_Linearity_50,TrackObjects_ParentImageNumber_50,TrackObjects_ParentObjectNumber_50,TrackObjects_TrajectoryX_50,TrackObjects_TrajectoryY_50
142,2305,664.9390862944163,1146.6700507614214,0,2305,53.89865634024783,14.856999307555853,,105.4342030649507,12534,11,0.5112065608068818,141.0,2275,4.510514865844812,14.155765047135674
144,2305,474.1029411764706,1110.5661764705883,0,2305,56.63754518469146,9.73812386707139,,127.42183707062912,11892,21,0.4444885310615764,143.0,2225,6.261477761836488,-7.458213773314128
145,2305,1522.1986531986531,1150.1313131313132,0,2305,100.7263728249888,5.76907932754225,40.0,340.0083349424143,10338,40,0.2962467753681638,144.0,2353,4.763959321101993,3.2537621109049724
