ImageNumber,ObjectNumber,Location_Center_X,Location_Center_Y,Location_Center_Z,Number_Object_Number,TrackObjects_Displacement_50,TrackObjects_DistanceTraveled_50,TrackObjects_FinalAge_50,TrackObjects_IntegratedDistance_50,TrackObjects_Label_50,TrackObjects_Lifetime_50,TrackObjects_Linearity_50,TrackObjects_ParentImageNumber_50,TrackObjects_ParentObjectNumber_50,TrackObjects_TrajectoryX_50,TrackObjects_TrajectoryY_50
142,2300,1785.9444444444443,1139.571428571429,0,2300,64.3888176986709,0.368186613520729,,223.83164942500403,11038,29,0.287666278938112,141.0,2277,-0.0915267785771902,-0.3566289825282638
144,2300,1378.4548494983278,1111.1872909698998,0,2300,7.368920838575576,7.379039340630264,,31.151194109794822,13060,6,0.2365533986467176,143.0,2228,-5.093626955965874,-5.339024819573979
145,2300,1112.5597826086955,1145.2173913043478,0,2300,15.234186258474148,8.521386292544575,3.0,15.269189167450698,13463,3,0.9977076118061876,144.0,2359,2.1559364548495523,-8.24414715719081
