ImageNumber,ObjectNumber,Location_Center_X,Location_Center_Y,Location_Center_Z,Number_Object_Number,TrackObjects_Displacement_50,TrackObjects_DistanceTraveled_50,TrackObjects_FinalAge_50,TrackObjects_IntegratedDistance_50,TrackObjects_Label_50,TrackObjects_Lifetime_50,TrackObjects_Linearity_50,TrackObjects_ParentImageNumber_50,TrackObjects_ParentObjectNumber_50,TrackObjects_TrajectoryX_50,TrackObjects_TrajectoryY_50
140,2222,626.7008547008547,1121.145299145299,0,2222,22.2972775428054,10.241727799067654,,65.33959747115563,12534,9,0.3412521412096026,139.0,2161,5.04317276015388,-8.914000046075671
141,2222,1453.2605633802816,1099.43661971831,0,2222,16.4380248005938,0.6263840233861416,,285.4684640726238,10338,36,0.0575826294998803,140.0,2192,-0.57564351627002,0.2469645458961622
142,2222,544.5428571428571,1087.4761904761904,0,2222,60.08361471299255,0.8455753288802345,,73.60525858635658,12695,9,0.816295137968982,141.0,2195,-0.8410379882290044,-0.0874799357945903
143,2222,1188.5220338983052,1107.6813559322034,0,2222,4.6706061067601965,4.6706061067601965,,4.6706061067601965,13357,2,1.0,142.0,2255,-3.321937732900551,-3.283183074888939
144,2222,1080.875,1054.5101351351352,0,2222,97.47395866010416,5.120493370733885,,789.880916828418,2616,126,0.123403359396867,143.0,2152,-3.5881578947369235,-3.653022759601527
145,2222,415.5955882352941,1093.3235294117646,0,2222,207.226061634031,3.7131293754895496,110.0,926.2117888058664,4202,110,0.2237350724084397,144.0,2279,2.4300709939148533,-2.8075050709940115
