ImageNumber,ObjectNumber,Location_Center_X,Location_Center_Y,Location_Center_Z,Number_Object_Number,TrackObjects_Displacement_50,TrackObjects_DistanceTraveled_50,TrackObjects_FinalAge_50,TrackObjects_IntegratedDistance_50,TrackObjects_Label_50,TrackObjects_Lifetime_50,TrackObjects_Linearity_50,TrackObjects_ParentImageNumber_50,TrackObjects_ParentObjectNumber_50,TrackObjects_TrajectoryX_50,TrackObjects_TrajectoryY_50
141,2286,863.9426751592357,1145.5350318471335,0,2286,11.774318188761352,3.499895945247377,,16.11855467192361,12930,5,0.7304822565307705,140.0,2268,-0.5411958085062452,-3.457799694084997
142,2286,62.991379310344826,1136.0603448275865,0,2286,10.586713471492768,3.873151312742108,,24.80110402311669,12850,7,0.4268646049637578,141.0,2271,3.857738757349431,-0.3451851263307617
144,2286,1671.3048387096774,1097.6822580645162,0,2286,55.75907354408714,28.26166757130847,,136.77579594765058,12781,10,0.4076676955726019,143.0,2197,-27.618238213399536,5.996229807059308
145,2286,1810.5475,1130.675,0,2286,70.40691729617768,6.443342912087663,32.0,285.9775711051005,11038,32,0.2461973399665745,144.0,2344,6.284930167597622,-1.4199720670392253
