ImageNumber,ObjectNumber,Location_Center_X,Location_Center_Y,Location_Center_Z,Number_Object_Number,TrackObjects_Displacement_50,TrackObjects_DistanceTraveled_50,TrackObjects_FinalAge_50,TrackObjects_IntegratedDistance_50,TrackObjects_Label_50,TrackObjects_Lifetime_50,TrackObjects_Linearity_50,TrackObjects_ParentImageNumber_50,TrackObjects_ParentObjectNumber_50,TrackObjects_TrajectoryX_50,TrackObjects_TrajectoryY_50
141,2290,399.7448071216617,1156.1364985163204,0,2290,17.42113551516965,1.627833128834965,,73.69052712280465,12362,12,0.2364094300226333,140.0,2269,-1.6271605333247976,-0.0467898933829928
142,2290,1521.377192982456,1130.8508771929824,0,2290,88.77978921983008,4.437817488688429,,308.6808581906727,10338,37,0.2876102837740286,141.0,2268,1.609335839598998,-4.135729949874758
144,2290,803.5625920471281,1100.4300441826215,0,2290,23.468361858785904,8.518405522346516,,432.5550548758324,9724,46,0.0542552019546336,143.0,2209,7.077912381389865,-4.739872251918996
145,2290,660.6491228070175,1132.1303258145365,0,2290,49.179657834709424,10.972227322441148,14.0,123.19449316660749,12534,14,0.3992033780941746,144.0,2340,10.9632105668328,-0.4447319221842463
