ImageNumber,ObjectNumber,Location_Center_X,Location_Center_Y,Location_Center_Z,Number_Object_Number,TrackObjects_Displacement_50,TrackObjects_DistanceTraveled_50,TrackObjects_FinalAge_50,TrackObjects_IntegratedDistance_50,TrackObjects_Label_50,TrackObjects_Lifetime_50,TrackObjects_Linearity_50,TrackObjects_ParentImageNumber_50,TrackObjects_ParentObjectNumber_50,TrackObjects_TrajectoryX_50,TrackObjects_TrajectoryY_50
140,2245,300.6058394160584,1135.3686131386862,0,2245,144.810681902857,0.1073120585322239,,198.6296488723688,11623,20,0.729048672869106,139.0,2169,0.0827624929814874,-0.06830993823678
141,2245,670.8525179856115,1119.2661870503598,0,2245,61.88044049155018,5.584648610322793,,82.02543715187774,12534,10,0.7544054946878586,140.0,2220,5.5845441294023885,0.0341609065690136
142,2245,1913.0538922155688,1096.6586826347304,0,2245,7.1144861012244265,5.191267793855162,,7.974054319697009,13170,3,0.8922043688178383,141.0,2221,5.156164942841542,-0.6026810016333002
143,2245,473.4583333333333,1128.4036458333333,0,2245,25.02358714224876,1.8246572766980231,,52.49659743832746,12442,13,0.4766706484481446,142.0,2287,1.7166359163591665,-0.6184943880689389
144,2245,920.7915742793792,1069.1529933481154,0,2245,70.29824098838988,18.891496307959777,,74.04224449083853,13160,5,0.9494342246349392,143.0,2138,-15.550508701145873,10.727083102560757
145,2245,1818.703910614525,1106.703910614525,0,2245,96.34860823990488,5.359235079931506,47.0,480.7566946998673,9726,47,0.200410330843244,144.0,2301,-3.867517956903612,3.709946831828802
