ImageNumber,ObjectNumber,Location_Center_X,Location_Center_Y,Location_Center_Z,Number_Object_Number,TrackObjects_Displacement_50,TrackObjects_DistanceTraveled_50,TrackObjects_FinalAge_50,TrackObjects_IntegratedDistance_50,TrackObjects_Label_50,TrackObjects_Lifetime_50,TrackObjects_Linearity_50,TrackObjects_ParentImageNumber_50,TrackObjects_ParentObjectNumber_50,TrackObjects_TrajectoryX_50,TrackObjects_TrajectoryY_50
140,2247,413.5711382113821,1135.1971544715448,0,2247,33.74773250214852,7.857151034350738,,63.50082425701176,12362,11,0.5314534558726157,139.0,2176,4.072630748695531,-6.719263438902999
141,2247,460.0698924731183,1125.6236559139784,0,2247,45.5789180061555,10.711093845207223,,104.21613099418984,11892,18,0.4373499339434945,140.0,2229,9.209427356839228,-5.46936734183555
142,2247,351.6302521008403,1102.2100840336134,0,2247,194.24727010764707,3.4759264701559167,,917.0938294255076,4202,107,0.2118074114939022,141.0,2225,-3.4756302521008706,0.0453781512603654
143,2247,1928.9306487695749,1137.6219239373602,0,2247,10.715320514602022,2.057434987829496,,53.68963490225141,12926,7,0.1995789417102683,142.0,2279,0.5112939308651221,1.992891679295553
144,2247,837.0520833333334,1072.0381944444443,0,2247,51.47427838742694,4.943773305291899,,641.4755873199953,6481,84,0.0802435500351307,143.0,2180,-3.792682009626901,-3.171191837144079
145,2247,1321.8345070422536,1110.8767605633802,0,2247,13.390494656367196,10.734375126378149,39.0,299.4423537376355,10423,39,0.0447181051351861,144.0,2323,-4.426930866243083,-9.779012857099133
