ImageNumber,ObjectNumber,Location_Center_X,Location_Center_Y,Location_Center_Z,Number_Object_Number,TrackObjects_Displacement_50,TrackObjects_DistanceTraveled_50,TrackObjects_FinalAge_50,TrackObjects_IntegratedDistance_50,TrackObjects_Label_50,TrackObjects_Lifetime_50,TrackObjects_Linearity_50,TrackObjects_ParentImageNumber_50,TrackObjects_ParentObjectNumber_50,TrackObjects_TrajectoryX_50,TrackObjects_TrajectoryY_50
140,2268,864.483870967742,1148.9928315412187,0,2268,9.79663174060503,8.44358560112018,,12.618658726676234,12930,4,0.7763607807139318,139.0,2194,-8.150844058164807,-2.2040596504912173
141,2268,1519.767857142857,1134.986607142857,0,2268,89.64218754196419,32.30619529005781,,304.2430407019843,10338,36,0.2946400592602923,140.0,2232,31.42833459643793,7.479975843122474
142,2268,319.7352941176471,1118.6225490196075,0,2268,166.61204672817186,12.191965722534462,,224.1065615893993,11623,22,0.7434501049256783,141.0,2249,9.693971803597492,-7.393979906012191
143,2268,1521.085390946502,1140.255144032922,0,2268,93.74261615236146,8.809523367122832,,326.67725433233085,10338,38,0.2869578916473826,142.0,2317,3.1286601772712856,-8.235240582462666
144,2268,1923.535519125683,1089.4972677595629,0,2268,19.75734741279277,4.01170066439376,,23.542586016440463,13170,5,0.8392173824487951,143.0,2201,-0.6237729097151714,-3.962909231587673
145,2268,1938.847358121331,1113.416829745597,0,2268,88.88061793213629,7.104381671244125,84.0,614.388050169564,6561,84,0.1446652777631437,144.0,2320,0.2334585074311235,-7.10054477177755
