ImageNumber,ObjectNumber,Location_Center_X,Location_Center_Y,Location_Center_Z,Number_Object_Number,TrackObjects_Displacement_50,TrackObjects_DistanceTraveled_50,TrackObjects_FinalAge_50,TrackObjects_IntegratedDistance_50,TrackObjects_Label_50,TrackObjects_Lifetime_50,TrackObjects_Linearity_50,TrackObjects_ParentImageNumber_50,TrackObjects_ParentObjectNumber_50,TrackObjects_TrajectoryX_50,TrackObjects_TrajectoryY_50
138,2213,1910.2102564102563,1150.4717948717948,0,2213,42.90398080944316,8.260289791182574,,174.65163523637452,11896,15,0.2456546184144034,137.0,2192,-1.2554152315346985,8.16433218522775
140,2213,409.36046511627904,1123.436046511628,0,2213,37.33748917762883,10.572498973618004,,61.625577485302514,12362,11,0.6058764996812191,139.0,2162,7.45137420718811,-7.50031712473583
141,2213,1842.727868852459,1092.0262295081968,0,2213,77.25900275056911,37.55299694568037,,477.07170795367176,9726,43,0.1619442139672464,140.0,2210,31.83814722505008,-19.91381331835555
142,2213,2004.1875,1073.46875,0,2213,11.196917995540645,11.196917995540645,2.0,11.196917995540645,13260,2,1.0,141.0,2188,-7.867850553505605,-7.966674354243651
143,2213,353.0675105485232,1102.9493670886077,0,2213,195.23550642744635,1.616246045884583,,918.7100754713922,4202,108,0.2125104661851788,142.0,2247,1.4372584476828931,0.7392830549943028
144,2213,1988.4,1050.2156862745098,0,2213,52.1676760710387,7.180649836250454,,493.9560033547552,6561,83,0.1056119891584196,143.0,2137,6.240399002493859,3.552344628624496
145,2213,1204.7121212121212,1086.439393939394,0,2213,132.84788400917077,13.38663794353662,39.0,351.23744910717903,10423,39,0.3782281312737601,144.0,2284,9.00685805422654,-9.90346320346316
