ImageNumber,ObjectNumber,Location_Center_X,Location_Center_Y,Location_Center_Z,Number_Object_Number,TrackObjects_Displacement_50,TrackObjects_DistanceTraveled_50,TrackObjects_FinalAge_50,TrackObjects_IntegratedDistance_50,TrackObjects_Label_50,TrackObjects_Lifetime_50,TrackObjects_Linearity_50,TrackObjects_ParentImageNumber_50,TrackObjects_ParentObjectNumber_50,TrackObjects_TrajectoryX_50,TrackObjects_TrajectoryY_50
140,2252,345.1333333333333,1135.4888888888888,0,2252,226.16787634199105,10.527601061869476,,968.681944872354,4202,105,0.2334800163657369,139.0,2179,3.7624724061810175,-9.8323031640914
141,2252,1893.6304347826087,1125.1521739130435,0,2252,9.32597955400682,3.402968846574681,,17.365794002045185,13007,4,0.5370315663601958,140.0,2227,-3.0362318840579974,-1.5367149758453706
142,2252,1362.012578616352,1105.4025157232704,0,2252,7.559991544683295,6.120976482665529,3.0,11.971905552341038,13169,3,0.6314777135211346,141.0,2231,6.119721473495019,0.1239442946989584
143,2252,1327.2105263157894,1130.288499025341,0,2252,20.638245158908497,1.5767051395075395,,279.0286102752854,10423,37,0.0739646201102715,142.0,2282,1.3994664079552877,0.726287043774164
144,2252,1065.6652452025587,1075.272921108742,0,2252,71.73630773157923,3.323542323522416,,761.5850679662437,2616,126,0.0941934272991272,143.0,2183,0.5994855653705145,-3.2690290046368773
145,2252,480.3984615384616,1116.8646153846155,0,2252,38.06163434806187,6.109742912686402,15.0,66.71299901472743,12442,15,0.5705280066881637,144.0,2327,0.9946153846154288,-6.02824175824162
