ImageNumber,ObjectNumber,Location_Center_X,Location_Center_Y,Location_Center_Z,Number_Object_Number,TrackObjects_Displacement_50,TrackObjects_DistanceTraveled_50,TrackObjects_FinalAge_50,TrackObjects_IntegratedDistance_50,TrackObjects_Label_50,TrackObjects_Lifetime_50,TrackObjects_Linearity_50,TrackObjects_ParentImageNumber_50,TrackObjects_ParentObjectNumber_50,TrackObjects_TrajectoryX_50,TrackObjects_TrajectoryY_50
142,2315,444.23493975903614,1145.3935742971887,0,2315,44.85263208074117,4.977717084047947,,95.83206537431928,11892,19,0.4680336576859441,141.0,2278,1.706031836123941,4.676229543441423
144,2315,1848.3996539792388,1110.9826989619378,0,2315,66.3553888639707,17.408417535647445,,482.5477254924708,9726,46,0.1375105204283178,143.0,2219,17.246500826085594,2.368799348038237
