ImageNumber,ObjectNumber,Location_Center_X,Location_Center_Y,Location_Center_Z,Number_Object_Number,TrackObjects_Displacement_50,TrackObjects_DistanceTraveled_50,TrackObjects_FinalAge_50,TrackObjects_IntegratedDistance_50,TrackObjects_Label_50,TrackObjects_Lifetime_50,TrackObjects_Linearity_50,TrackObjects_ParentImageNumber_50,TrackObjects_ParentObjectNumber_50,TrackObjects_TrajectoryX_50,TrackObjects_TrajectoryY_50
140,2236,1793.6107382550335,1131.0469798657718,0,2236,60.25113669336222,11.468691434750234,,228.08688189944036,11038,27,0.2641587108895019,139.0,2183,9.01401694355809,-7.09072505226095
141,2236,1237.7719298245613,1111.719298245614,0,2236,97.44841555517267,14.144394248293668,,369.083299608577,10423,35,0.2640282441891015,140.0,2199,4.466620090048082,13.420625679242448
142,2236,1233.197969543147,1091.1269035532996,0,2236,103.99036927603706,2.4683717093540163,,362.40832452524506,10423,36,0.2869425513673408,141.0,2212,0.9412127863904516,-2.2818802304841483
143,2236,1910.039393939394,1124.4151515151516,0,2236,31.62527462521289,4.072854741504544,,57.081213826484415,12926,7,0.5540399810233094,142.0,2273,-1.195173961840737,3.893546576879999
144,2236,830.6354166666666,1058.236111111111,0,2236,36.2570781016448,7.022370207356459,,686.6416111843557,6481,84,0.052803496774841,143.0,2160,-6.3700627853882,-2.95566971080666
145,2236,1921.4254385964912,1097.6842105263158,0,2236,14.92444036261708,7.880990149810561,6.0,25.371318947880383,13170,6,0.5882406189948562,144.0,2293,7.876720647773254,-0.2593792172738176
