ImageNumber,ObjectNumber,Location_Center_X,Location_Center_Y,Location_Center_Z,Number_Object_Number,TrackObjects_Displacement_50,TrackObjects_DistanceTraveled_50,TrackObjects_FinalAge_50,TrackObjects_IntegratedDistance_50,TrackObjects_Label_50,TrackObjects_Lifetime_50,TrackObjects_Linearity_50,TrackObjects_ParentImageNumber_50,TrackObjects_ParentObjectNumber_50,TrackObjects_TrajectoryX_50,TrackObjects_TrajectoryY_50
140,2217,928.0232558139536,1118.110465116279,0,2217,65.76362729575456,9.156593359634993,10.0,90.67841672076858,12437,10,0.7252401362307018,139.0,2155,-8.355230241823392,-3.7461085889001424
141,2217,1820.875,1096.375,0,2217,96.46740247067844,6.87785176209638,,469.594005515094,9726,43,0.2054272442529671,140.0,2194,6.364156626505974,-2.608132530120429
142,2217,32.312714776632305,1087.8591065292096,0,2217,146.81802551417317,2.353173657154144,,405.7285665259272,9569,46,0.3618626777288828,141.0,2205,-0.0273525634350377,-2.3530146829116347
143,2217,1695.2487113402062,1112.4896907216496,0,2217,33.972972963806896,8.163193452300858,,79.56571027647031,12781,9,0.4269800752831789,142.0,2249,-6.147399202270663,5.37095991305182
144,2217,800.969512195122,1051.9451219512196,0,2217,26.564372368093743,5.663304242335654,,426.16257543325,9724,46,0.062333892977551,143.0,2155,-4.211496706955131,-3.786332054715104
145,2217,1164.727659574468,1089.344680851064,0,2217,171.89534833515933,31.75824924618704,39.0,369.6090604098295,10423,39,0.4650734160698294,144.0,2284,-30.97760358342657,-6.998176291793243
