ImageNumber,ObjectNumber,Location_Center_X,Location_Center_Y,Location_Center_Z,Number_Object_Number,TrackObjects_Displacement_50,TrackObjects_DistanceTraveled_50,TrackObjects_FinalAge_50,TrackObjects_IntegratedDistance_50,TrackObjects_Label_50,TrackObjects_Lifetime_50,TrackObjects_Linearity_50,TrackObjects_ParentImageNumber_50,TrackObjects_ParentObjectNumber_50,TrackObjects_TrajectoryX_50,TrackObjects_TrajectoryY_50
138,2210,332.5888324873096,1152.055837563452,0,2210,241.47873702473396,8.539451322360298,,947.0872993238148,4202,103,0.2549698820764894,137.0,2156,-2.531315386997221,8.155652720568241
140,2210,1810.889721627409,1111.9400428265524,0,2210,103.40597892672253,6.766620402989097,,439.5187110079914,9726,42,0.2352709369063525,139.0,2138,-6.636154833358887,1.3223466662852843
141,2210,148.7091836734694,1092.3877551020407,0,2210,77.35882420380064,5.4585914991077775,,172.66971453362294,11530,22,0.448016170135829,140.0,2179,4.583057547343259,-2.96509775081222
142,2210,894.9051490514905,1077.7018970189702,0,2210,69.4973148481513,4.024941696934606,,230.33693378532263,10609,34,0.3017202395900772,141.0,2179,-3.626531389280785,1.7459741539564675
143,2210,1453.4274193548388,1101.8629032258063,0,2210,18.671961651985285,3.04552007181109,,290.01928292532807,10338,38,0.0643817937333249,142.0,2244,-1.3025806451612425,2.752903225806449
144,2210,1927.632558139535,1054.906976744186,0,2210,33.925038969634045,4.019360481927379,,549.2868984307361,6561,83,0.0617619664087289,143.0,2158,-3.458870431893729,-2.0473089700997207
145,2210,1475.8732394366198,1083.1338028169014,0,2210,26.768549576812543,2.312575889730618,77.0,434.4572212134817,7150,77,0.0616137752344071,144.0,2267,-0.749138185757829,-2.187875504776912
