ImageNumber,ObjectNumber,Location_Center_X,Location_Center_Y,Location_Center_Z,Number_Object_Number,TrackObjects_Displacement_50,TrackObjects_DistanceTraveled_50,TrackObjects_FinalAge_50,TrackObjects_IntegratedDistance_50,TrackObjects_Label_50,TrackObjects_Lifetime_50,TrackObjects_Linearity_50,TrackObjects_ParentImageNumber_50,TrackObjects_ParentObjectNumber_50,TrackObjects_TrajectoryX_50,TrackObjects_TrajectoryY_50
142,2299,1800.9676616915424,1141.597014925373,0,2299,73.09841721817556,30.982774147215483,,268.02575390605506,11038,29,0.2727290797726739,141.0,2265,30.114304801083108,7.284294077316417
144,2299,606.5794392523364,1112.6355140186915,0,2299,25.621562098856558,4.519394649844793,,95.96732509880972,12534,13,0.2669821428541029,143.0,2227,3.988795977482596,-2.124719899437196
145,2299,860.4461538461538,1146.5230769230768,0,2299,0.0,0.0,1.0,0.0,13635,1,,0.0,0,0.0,0.0
