ImageNumber,ObjectNumber,Location_Center_X,Location_Center_Y,Location_Center_Z,Number_Object_Number,TrackObjects_Displacement_50,TrackObjects_DistanceTraveled_50,TrackObjects_FinalAge_50,TrackObjects_IntegratedDistance_50,TrackObjects_Label_50,TrackObjects_Lifetime_50,TrackObjects_Linearity_50,TrackObjects_ParentImageNumber_50,TrackObjects_ParentObjectNumber_50,TrackObjects_TrajectoryX_50,TrackObjects_TrajectoryY_50
138,2202,398.4684684684685,1149.2252252252251,0,2202,15.145822589336388,1.27329718205094,,42.41187725315956,12362,9,0.3571127611006199,137.0,2183,-0.7959943414488748,0.9938202665473456
140,2202,1270.857142857143,1110.321428571429,0,2202,0.0,0.0,,0.0,13171,1,,0.0,0,0.0,0.0
141,2202,1816.7327935222672,1082.4291497975707,0,2202,104.94316790362522,21.129882245083937,,483.6686843288542,9726,43,0.216973253187243,140.0,2189,18.75839593190585,-9.72597068435698
142,2202,1066.3204633204634,1075.42277992278,0,2202,72.0036751186987,2.866977891779598,,754.8994572301597,2616,124,0.0953818080395647,141.0,2175,1.9225041367899396,2.1268615554329244
143,2202,2003.4786450662737,1104.20324005891,0,2202,99.98548884389643,9.922271936633209,,607.0931536107894,6561,82,0.164695464360314,142.0,2225,6.472706823993576,7.520342196677348
144,2202,1403.3613537117903,1032.127729257642,0,2202,36.90651875059752,8.001437250239,,217.86658139952385,11797,22,0.1693996321671671,143.0,2121,6.638189869982398,-4.46737432051259
145,2202,1759.5675675675675,1072.3873873873874,0,2202,6.950245595386707,6.950245595386707,2.0,6.950245595386707,13553,2,1.0,144.0,2260,2.436533084808844,-6.509164336750473
