ImageNumber,ObjectNumber,Location_Center_X,Location_Center_Y,Location_Center_Z,Number_Object_Number,TrackObjects_Displacement_50,TrackObjects_DistanceTraveled_50,TrackObjects_FinalAge_50,TrackObjects_IntegratedDistance_50,TrackObjects_Label_50,TrackObjects_Lifetime_50,TrackObjects_Linearity_50,TrackObjects_ParentImageNumber_50,TrackObjects_ParentObjectNumber_50,TrackObjects_TrajectoryX_50,TrackObjects_TrajectoryY_50
137,2174,1889.8021505376344,1136.941935483871,0,2174,10.45637348309666,10.45637348309666,,10.45637348309666,12851,2,1.0,136.0,2140,2.543114393056157,-10.142401865526608
138,2174,1886.9718309859156,1130.9225352112676,0,2174,16.16435384279951,6.6516079564764565,,17.107981439573116,12851,3,0.944842844253334,137.0,2174,-2.830319551718958,-6.019400272603434
139,2174,1879.1989795918369,1137.841836734694,0,2174,12.26329194165212,5.16478339383224,,25.30299530668528,12851,4,0.4846577171206307,138.0,2191,-2.5581632653061206,-4.486734693877452
140,2174,297.10764872521247,1080.7025495750709,0,2174,0.0,0.0,,0.0,13167,1,,0.0,0,0.0,0.0
141,2174,919.8,1068.464,0,2174,71.03233855984199,2.62188038210728,,230.3800473175988,10609,33,0.3083267817109082,140.0,2153,-1.9511961722488425,-1.7513110047848386
142,2174,1973.0,1055.039408866995,0,2174,42.76068727987303,13.97688286339683,,643.778328876242,6561,81,0.066421445646539,141.0,2171,-12.028150134048246,-7.118768076704782
143,2174,1578.1988217967598,1067.9455081001472,0,2174,114.56936154176503,5.317513680813019,,505.7558327252111,7150,75,0.2265309742933073,142.0,2181,-5.317507907750269,-0.0078356012525091
144,2174,1555.7785714285717,1022.3392857142856,0,2174,69.65675084044639,18.848386129689658,19.0,203.08124394474,12046,19,0.3429994296243356,143.0,2103,18.29857142857145,4.519285714285616
145,2174,191.73345588235293,1060.9650735294117,0,2174,37.22979475227179,2.964515310971629,13.0,74.82820495837751,12609,13,0.4975369217126151,144.0,2228,2.097828351988568,2.0946281852820903
