ImageNumber,ObjectNumber,Location_Center_X,Location_Center_Y,Location_Center_Z,Number_Object_Number,TrackObjects_Displacement_50,TrackObjects_DistanceTraveled_50,TrackObjects_FinalAge_50,TrackObjects_IntegratedDistance_50,TrackObjects_Label_50,TrackObjects_Lifetime_50,TrackObjects_Linearity_50,TrackObjects_ParentImageNumber_50,TrackObjects_ParentObjectNumber_50,TrackObjects_TrajectoryX_50,TrackObjects_TrajectoryY_50
137,2162,1359.9972144846795,1136.6295264623957,0,2162,3.6240668862986554,4.224219265939046,,9.4157216893807,12780,3,0.3848952853381354,136.0,2116,1.3652144846796546,3.997526462395399
138,2162,1980.3465346534651,1128.8069306930693,0,2162,7.1180668771559095,15.932777129787478,,107.3115151216001,12050,13,0.0663308766919381,137.0,2131,9.029423193496768,13.127181870463346
139,2162,401.9090909090909,1130.9363636363637,0,2162,26.765991892489083,3.672443953602163,,51.05307851168451,12362,10,0.5242777257078269,138.0,2157,1.7886089813800936,3.207447973712988
140,2162,1039.4695767195767,1078.9669312169312,0,2162,64.33341439735459,13.360812052724263,,391.02223742932,9430,46,0.1645262295574258,139.0,2086,-9.461411101803606,-9.433610055057898
141,2162,1903.886405959032,1055.4245810055866,0,2162,49.73183785053086,0.3410234904694788,,549.3506256851268,6561,80,0.0905284084977739,140.0,2147,-0.1670010391267169,-0.2973342798645717
142,2162,1820.709497206704,1043.9385474860337,0,2162,123.74344519824784,3.5797576709155856,,692.2726156456476,6561,81,0.1787495885314466,141.0,2139,-3.5621790938741924,-0.3543234195542482
143,2162,1591.0746527777778,1056.0833333333333,0,2162,127.144969911386,1.3883446247699198,,489.91182481537646,7150,75,0.2595262320098125,142.0,2192,-0.5773683118532063,1.262595196250686
144,2162,1920.8275862068965,1010.2758620689656,0,2162,26.36078270368236,5.775896775810161,,687.572351286408,6561,83,0.0383389219394335,143.0,2102,1.856997971602368,-5.4692359702502245
145,2162,1862.9580536912752,1040.224832214765,0,2162,81.48537479836266,8.854316549790521,84.0,749.7321963499692,6561,84,0.1086859750655898,144.0,2220,0.7566148423543382,-8.821930375162992
