ImageNumber,ObjectNumber,Location_Center_X,Location_Center_Y,Location_Center_Z,Number_Object_Number,TrackObjects_Displacement_50,TrackObjects_DistanceTraveled_50,TrackObjects_FinalAge_50,TrackObjects_IntegratedDistance_50,TrackObjects_Label_50,TrackObjects_Lifetime_50,TrackObjects_Linearity_50,TrackObjects_ParentImageNumber_50,TrackObjects_ParentObjectNumber_50,TrackObjects_TrajectoryX_50,TrackObjects_TrajectoryY_50
141,2282,1133.54039497307,1142.1364452423695,0,2282,64.30673569949187,8.85732011660664,,400.1843262015447,9430,47,0.1606927895199601,140.0,2261,3.488670835139146,-8.141332535408083
142,2282,1325.811059907834,1129.5622119815669,0,2282,20.57206431818612,4.940155068092146,,277.45190513577785,10423,36,0.0741464157837326,141.0,2272,-0.3522053982883335,-4.927583936800374
143,2282,402.9175257731959,1158.3350515463917,0,2282,21.1746791544355,4.190253762290082,,78.74609324468688,12362,14,0.2688981545870428,142.0,2319,2.9037516685126548,3.0210019596147504
144,2282,1892.9349593495936,1093.8536585365853,0,2282,0.0,0.0,,0.0,13555,1,,0.0,0,0.0,0.0
145,2282,1938.6703296703297,1128.8351648351647,0,2282,104.29212674128904,8.317981733689596,84.0,615.6016502320095,6561,84,0.1694149564121265,144.0,2320,0.0564300564301447,8.31779031779024
