ImageNumber,ObjectNumber,Location_Center_X,Location_Center_Y,Location_Center_Z,Number_Object_Number,TrackObjects_Displacement_50,TrackObjects_DistanceTraveled_50,TrackObjects_FinalAge_50,TrackObjects_IntegratedDistance_50,TrackObjects_Label_50,TrackObjects_Lifetime_50,TrackObjects_Linearity_50,TrackObjects_ParentImageNumber_50,TrackObjects_ParentObjectNumber_50,TrackObjects_TrajectoryX_50,TrackObjects_TrajectoryY_50
137,2180,639.8247734138973,1143.906344410876,0,2180,7.110071914379834,14.674766669720492,,41.01499812010332,12441,7,0.1733529742841768,136.0,2131,14.01524960437348,-4.349891416788296
138,2180,1489.5130641330163,1128.6603325415676,0,2180,62.0885192208196,3.067250324695953,,268.52046828714543,10338,33,0.2312245305427686,137.0,2160,3.0670209675488422,-0.0375091850510216
139,2180,869.5299145299145,1139.5641025641023,0,2180,13.089991827031623,10.733119554512797,,13.494260950419736,12930,3,0.9700414031658744,138.0,2211,-2.2724806796662733,-10.489789651466252
140,2180,347.44444444444446,1092.6976744186047,0,2180,184.1562432092169,14.870336109929235,,916.7864005952064,4202,105,0.2008714822663784,139.0,2099,-13.379602476376649,6.489463274909667
141,2180,1037.6547008547009,1080.5948717948718,0,2180,63.78654220152652,2.4380248009842225,,393.4602622303042,9430,47,0.1621168598830199,140.0,2162,-1.8148758648758303,1.6279405779405351
142,2180,152.71929824561403,1060.6842105263158,0,2180,100.82935189568488,20.197900755597377,,643.527666088173,5417,94,0.1566822332730443,141.0,2152,-15.838572124756354,12.53374756335279
143,2180,840.8447653429603,1075.2093862815884,0,2180,56.02260153519773,7.156231782936475,,636.5318140147034,6481,83,0.0880122568923218,142.0,2200,-3.1685976859929497,6.416513230363535
144,2180,640.7245283018868,1026.7245283018867,0,2180,59.19178229887856,8.239198545035435,,67.24082540454887,12844,9,0.8802952959419533,143.0,2116,-5.9169059610613886,-5.733639028790549
145,2180,848.175,1058.86875,0,2180,47.21621411168613,12.252720434943186,85.0,683.1355315220242,6481,85,0.0691169056987689,144.0,2259,-0.6590248962655778,-12.234984439833852
