ImageNumber,ObjectNumber,Location_Center_X,Location_Center_Y,Location_Center_Z,Number_Object_Number,TrackObjects_Displacement_50,TrackObjects_DistanceTraveled_50,TrackObjects_FinalAge_50,TrackObjects_IntegratedDistance_50,TrackObjects_Label_50,TrackObjects_Lifetime_50,TrackObjects_Linearity_50,TrackObjects_ParentImageNumber_50,TrackObjects_ParentObjectNumber_50,TrackObjects_TrajectoryX_50,TrackObjects_TrajectoryY_50
137,2169,1113.2992700729926,1136.795620437956,0,2169,0.0,0.0,1.0,0.0,12928,1,,0.0,0,0.0,0.0
138,2169,642.7692307692307,1130.0207100591715,0,2169,31.923701936536663,14.550891604690872,,51.37139632659683,12534,7,0.6214295156312232,137.0,2164,13.073065577490295,-6.389319439353585
139,2169,300.5230769230769,1135.436923076923,0,2169,144.71948379182544,4.6202654979495374,,198.5223368138366,11623,19,0.7289833784675599,138.0,2182,3.57722854762568,-2.924087753401864
140,2169,1927.127819548872,1080.9323308270675,0,2169,58.47949256770412,1.5468876596965395,,536.4619679288293,6561,79,0.1090095776844751,139.0,2088,-0.1862300379048065,1.535636612191638
141,2169,1041.1649214659683,1066.7748691099475,0,2169,68.80449531051482,16.74975631608811,,766.5447070826111,2616,123,0.089759272583562,140.0,2139,-11.732742605221802,11.953956985364584
142,2169,1564.1323076923077,1047.5507692307692,0,2169,100.83581237198376,2.2531707527296154,,483.344930039866,7150,74,0.2086208132226956,141.0,2149,-2.244697655286018,-0.1952200740436183
143,2169,28.629787234042556,1067.9234042553192,0,2169,130.90016651515052,10.945850618671829,,416.014559210174,9569,47,0.3146528495629372,142.0,2207,4.744072948328267,-9.864350846721663
144,2169,316.4886363636364,1018.0795454545456,0,2169,0.0,0.0,,0.0,13544,1,,0.0,0,0.0,0.0
145,2169,342.5668449197861,1053.1657754010696,0,2169,23.389674757063453,0.9808687747212826,5.0,26.6591859387693,13258,5,0.8773589265172895,144.0,2214,-0.5412631883220342,-0.8180083827141971
