ImageNumber,ObjectNumber,Location_Center_X,Location_Center_Y,Location_Center_Z,Number_Object_Number,TrackObjects_Displacement_50,TrackObjects_DistanceTraveled_50,TrackObjects_FinalAge_50,TrackObjects_IntegratedDistance_50,TrackObjects_Label_50,TrackObjects_Lifetime_50,TrackObjects_Linearity_50,TrackObjects_ParentImageNumber_50,TrackObjects_ParentObjectNumber_50,TrackObjects_TrajectoryX_50,TrackObjects_TrajectoryY_50
142,2298,1902.3542234332424,1137.425068119891,0,2298,37.183526154659006,5.175976137894478,,47.352575514591415,12926,6,0.7852482309690024,141.0,2283,-2.492998788979776,-4.536042991220256
144,2298,407.97972972972974,1112.4527027027027,0,2298,45.09285925808856,5.657611137975112,,87.64599355369704,12362,15,0.5144885399748712,143.0,2216,-3.1197020884520725,4.719748157248205
145,2298,1838.90625,1147.6145833333333,0,2298,0.0,0.0,1.0,0.0,13634,1,,0.0,0,0.0,0.0
