ImageNumber,ObjectNumber,Location_Center_X,Location_Center_Y,Location_Center_Z,Number_Object_Number,TrackObjects_Displacement_50,TrackObjects_DistanceTraveled_50,TrackObjects_FinalAge_50,TrackObjects_IntegratedDistance_50,TrackObjects_Label_50,TrackObjects_Lifetime_50,TrackObjects_Linearity_50,TrackObjects_ParentImageNumber_50,TrackObjects_ParentObjectNumber_50,TrackObjects_TrajectoryX_50,TrackObjects_TrajectoryY_50
137,2160,1486.4460431654677,1128.697841726619,0,2160,59.97209064827005,5.420355215647999,,265.45321796244946,10338,32,0.2259233890950743,136.0,2107,1.986583706008332,5.043187071963985
138,2160,1999.8534031413608,1126.9214659685863,0,2160,26.76942293280449,9.980077256631048,8.0,77.18600749071638,12444,8,0.3468170436982921,137.0,2134,-2.56869317591918,9.64384557198582
139,2160,57.66287878787879,1132.721590909091,0,2160,8.231315774703875,4.341440561431572,,14.710838967522028,12850,4,0.559540879543079,138.0,2176,2.799720893141945,3.3180821371611278
140,2160,897.8300492610838,1075.012315270936,0,2160,70.60514463566524,11.899626957952863,,225.13611726345516,10609,32,0.313610919002582,139.0,2069,-9.577257910770072,7.062382929934529
141,2160,1386.3833333333334,1055.675,0,2160,62.00172014298065,4.853168060029439,,192.025534720928,11797,19,0.3228826844986432,140.0,2142,-4.658624708624529,1.3603146853147337
142,2160,1940.5947368421048,1038.678947368421,0,2160,14.242552246935864,14.930964489084817,,457.0861562631666,6561,81,0.0311594478453986,141.0,2120,-12.57869489221207,8.044261021557531
143,2160,837.0054794520548,1061.1917808219175,0,2160,41.96777048564288,8.103391613246071,,679.6192409769993,6481,83,0.0617518868731722,142.0,2183,3.07323012956158,7.498013884248394
144,2160,1392.452380952381,1015.5218253968254,0,2160,21.777883993556276,6.614383076618784,,222.64244389181115,11797,22,0.097815509086573,143.0,2091,-6.201843016184739,-2.299392677830724
145,2160,159.83846153846153,1042.823076923077,0,2160,116.2230619723258,4.132718653340052,97.0,642.2064238008676,5417,97,0.1809746176073189,144.0,2205,2.7792899408283915,-3.0585798816566694
