ImageNumber,ObjectNumber,Location_Center_X,Location_Center_Y,Location_Center_Z,Number_Object_Number,TrackObjects_Displacement_50,TrackObjects_DistanceTraveled_50,TrackObjects_FinalAge_50,TrackObjects_IntegratedDistance_50,TrackObjects_Label_50,TrackObjects_Lifetime_50,TrackObjects_Linearity_50,TrackObjects_ParentImageNumber_50,TrackObjects_ParentObjectNumber_50,TrackObjects_TrajectoryX_50,TrackObjects_TrajectoryY_50
137,2168,446.4307692307692,1142.8051282051283,0,2168,44.20900886040099,1.5092691210854954,,80.85115003098579,11892,14,0.5467950529269913,136.0,2123,0.4623481781376313,1.4367071524966375
138,2168,338.44736842105266,1133.7,0,2168,223.65160344382,10.729127056554011,,949.2769750580088,4202,103,0.23560205221469,137.0,2156,3.3272205467458207,-10.200184842883573
139,2168,1270.8471177944862,1136.781954887218,0,2168,17.35352557453309,4.140099918054213,,60.91311979231377,12616,7,0.2848897845603833,138.0,2204,-0.217659533449023,-4.134374397532383
140,2168,1411.5416666666667,1077.3628472222222,0,2168,23.958436171693293,4.204700297067141,,51.43994887726767,12528,9,0.465755442892382,139.0,2093,4.179000000000087,0.4641805555554583
141,2168,321.25882352941176,1062.8117647058823,0,2168,0.0,0.0,,0.0,13258,1,,0.0,0,0.0,0.0
142,2168,1464.477777777778,1048.963888888889,0,2168,26.2448544574708,5.527926004710512,,123.75812300979442,12046,17,0.2120657118837665,141.0,2148,5.268643162393346,-1.6731303418803236
143,2168,331.73604060913704,1063.8172588832488,0,2168,10.525354924011111,3.396819894232975,,10.64431730596127,13258,3,0.9888238598558564,142.0,2195,3.2298677696308573,1.05182678448341
144,2168,299.41520467836256,1018.578947368421,0,2168,5.028247377767412,5.028247377767412,2.0,5.028247377767412,13453,2,1.0,143.0,2095,-2.474703578518188,4.377112506035701
145,2168,1339.6236559139784,1049.236559139785,0,2168,3.100107248166944,17.33578045552375,4.0,42.03262803646711,13354,4,0.0737547803453383,144.0,2216,-17.29687388734601,-1.1607918535926274
