ImageNumber,ObjectNumber,Location_Center_X,Location_Center_Y,Location_Center_Z,Number_Object_Number,TrackObjects_Displacement_50,TrackObjects_DistanceTraveled_50,TrackObjects_FinalAge_50,TrackObjects_IntegratedDistance_50,TrackObjects_Label_50,TrackObjects_Lifetime_50,TrackObjects_Linearity_50,TrackObjects_ParentImageNumber_50,TrackObjects_ParentObjectNumber_50,TrackObjects_TrajectoryX_50,TrackObjects_TrajectoryY_50
137,2161,918.048387096774,1136.0564516129032,0,2161,0.0,0.0,,0.0,12927,1,,0.0,0,0.0,0.0
138,2161,1934.993358633776,1132.6404174573056,0,2161,5.565870807558646,5.565870807558646,,5.565870807558646,12926,2,1.0,137.0,2146,-4.513018917244381,-3.25754172636789
139,2161,621.6576819407009,1130.0592991913747,0,2161,12.494796632931555,6.123756009064986,,55.09786967208797,12534,8,0.2267745868813744,138.0,2172,3.9943653577862506,-4.641705833750848
140,2161,799.8648648648649,1073.2792792792793,0,2161,0.0,0.0,1.0,0.0,13164,1,,0.0,0,0.0,0.0
141,2161,1583.6335877862596,1070.0503816793894,0,2161,120.16131936032474,17.194411347747625,,498.3380053204829,7150,73,0.2411241327721905,140.0,2150,16.847873500545347,3.4346673936749994
142,2161,946.6143497757848,1047.0860986547086,0,2161,39.66356726243024,14.306228547053934,,39.850068719898005,13160,3,0.9953199213085762,141.0,2141,-14.300543841236504,-0.4032630474189318
143,2161,1123.184331797235,1059.663594470046,0,2161,218.2241842449409,22.63578550018031,,427.62761079844495,10423,37,0.510313597004374,142.0,2189,-22.61515406394756,-0.9662255813677804
144,2161,1563.352226720648,1010.2732793522268,0,2161,146.8689031766371,10.880883803949624,,725.903728013445,6656,82,0.202325594302385,143.0,2089,-10.574243867587484,-2.564955941890957
145,2161,1808.5845272206304,1041.8137535816618,0,2161,135.44716600648007,11.44804558818556,84.0,710.0403212553409,6561,84,0.1907598230013353,144.0,2208,-9.07978373343326,-6.97246549961028
