ImageNumber,ObjectNumber,Location_Center_X,Location_Center_Y,Location_Center_Z,Number_Object_Number,TrackObjects_Displacement_50,TrackObjects_DistanceTraveled_50,TrackObjects_FinalAge_50,TrackObjects_IntegratedDistance_50,TrackObjects_Label_50,TrackObjects_Lifetime_50,TrackObjects_Linearity_50,TrackObjects_ParentImageNumber_50,TrackObjects_ParentObjectNumber_50,TrackObjects_TrajectoryX_50,TrackObjects_TrajectoryY_50
140,2240,1774.583129584352,1137.3691931540343,0,2240,58.89000686097068,11.128116707840544,,232.22081973398383,11038,27,0.2535948625469112,139.0,2177,-2.650751578732752,-10.807797996408226
141,2240,1469.5756756756757,1117.5108108108109,0,2240,40.52540056999929,1.5594030340702028,,289.94825939056585,10338,36,0.139767697364966,140.0,2215,1.4741304218125606,0.5086033052921266
142,2240,1205.7886363636364,1097.2772727272727,0,2240,130.1845763582008,9.4606022511788,,327.5429324010745,10423,36,0.3974580535256077,141.0,2193,-8.15367132867118,4.797982786444209
143,2240,57.92941176470588,1122.4588235294118,0,2240,17.734705108385135,14.512921727129786,,39.31402575024647,12850,8,0.4511037669113281,142.0,2286,-5.061967545638943,-13.601521298174475
144,2240,810.4243542435424,1064.819188191882,0,2240,12.805876492487158,10.491881766599407,,430.99115295751375,9724,46,0.0297126203278458,143.0,2155,5.243345341465329,9.087734185947284
145,2240,1471.3108808290156,1088.1917098445597,0,2240,29.947219253334588,3.2464877239299783,77.0,438.05504419137367,7150,77,0.0683640552721303,144.0,2276,1.0291906881705015,3.07903378822175
