ImageNumber,ObjectNumber,Location_Center_X,Location_Center_Y,Location_Center_Z,Number_Object_Number,TrackObjects_Displacement_50,TrackObjects_DistanceTraveled_50,TrackObjects_FinalAge_50,TrackObjects_IntegratedDistance_50,TrackObjects_Label_50,TrackObjects_Lifetime_50,TrackObjects_Linearity_50,TrackObjects_ParentImageNumber_50,TrackObjects_ParentObjectNumber_50,TrackObjects_TrajectoryX_50,TrackObjects_TrajectoryY_50
140,2237,598.1311475409836,1130.9590163934429,0,2237,15.240009220979069,5.204377263457277,,71.94009768243417,12534,9,0.2118430431975944,139.0,2171,0.2660873000197625,5.197570610310095
141,2237,1783.410358565737,1111.4940239043824,0,2237,38.29675370477307,13.557504155645344,,238.361258984175,11038,28,0.1606668544543793,140.0,2203,13.53321570859407,0.8111667615253282
142,2237,625.112,1095.944,0,2237,0.0,0.0,,0.0,13355,1,,0.0,0,0.0,0.0
143,2237,338.82252559726965,1122.0273037542663,0,2237,184.65261767852832,19.38852135568556,,243.4950829450848,11623,23,0.7583422853765504,142.0,2268,19.087231479622574,3.4047547346585816
144,2237,1907.0996441281136,1064.4246737841045,0,2237,53.5530045546948,4.7196785548485405,,558.9472950450722,6561,83,0.0958104727036498,143.0,2163,1.186204492578554,4.568181756769718
145,2237,347.74117647058824,1104.1117647058825,0,2237,195.46839971396167,14.762050898100885,110.0,944.8055302041294,4202,110,0.2068874424049252,144.0,2287,-8.565152643335807,12.023157110945476
