ImageNumber,ObjectNumber,Location_Center_X,Location_Center_Y,Location_Center_Z,Number_Object_Number,TrackObjects_Displacement_50,TrackObjects_DistanceTraveled_50,TrackObjects_FinalAge_50,TrackObjects_IntegratedDistance_50,TrackObjects_Label_50,TrackObjects_Lifetime_50,TrackObjects_Linearity_50,TrackObjects_ParentImageNumber_50,TrackObjects_ParentObjectNumber_50,TrackObjects_TrajectoryX_50,TrackObjects_TrajectoryY_50
140,2218,1948.7738693467336,1114.605527638191,0,2218,90.16427152743984,9.118713705634171,,582.146230802966,6561,79,0.1548825136307667,139.0,2136,6.648869346733591,6.24047082000925
141,2218,11.726190476190476,1094.3511904761904,0,2218,162.25387455104746,22.33730536944417,,414.21914469278937,9569,45,0.3917102254445168,140.0,2152,-16.625238095238096,14.918333333333294
142,2218,1857.2396449704145,1078.5976331360946,0,2218,71.51162821359912,19.77166777544298,,496.8433757291148,9726,44,0.1439319345028123,141.0,2213,14.51177611795515,-13.42859637210222
143,2218,437.6679104477612,1111.2537313432836,0,2218,40.15278704800747,3.367633254526178,,109.3204453741812,12137,17,0.3672943968584541,142.0,2250,1.664287259355376,2.9276443867618127
144,2218,1390.5093457943926,1053.8457943925234,0,2218,59.38430089274643,18.33569928580135,,228.2008434350862,11797,22,0.2602282270251067,143.0,2121,-6.213818047415316,17.25069081436891
145,2218,1825.7349397590365,1088.644578313253,0,2218,94.28069243768266,14.69396700638685,47.0,490.0914266263226,9726,47,0.1923736823692048,144.0,2301,3.1635111876075825,-14.349385469443176
