ImageNumber,ObjectNumber,Location_Center_X,Location_Center_Y,Location_Center_Z,Number_Object_Number,TrackObjects_Displacement_50,TrackObjects_DistanceTraveled_50,TrackObjects_FinalAge_50,TrackObjects_IntegratedDistance_50,TrackObjects_Label_50,TrackObjects_Lifetime_50,TrackObjects_Linearity_50,TrackObjects_ParentImageNumber_50,TrackObjects_ParentObjectNumber_50,TrackObjects_TrajectoryX_50,TrackObjects_TrajectoryY_50
140,2251,467.2166666666666,1135.7791666666667,0,2251,15.54185489162163,0.930252665646781,,41.52879117712062,12442,10,0.3742428915239911,139.0,2175,0.7379432624113065,0.5664007092198062
141,2251,1360.367088607595,1125.2816455696202,0,2251,12.68030650135603,3.100947471319986,,32.18091772187739,12780,7,0.3940318486546964,140.0,2225,-1.532722356488193,-2.695670120361001
142,2251,1219.4191616766468,1109.3512974051896,0,2251,115.8159903893486,5.293909574506635,,367.45829880998775,10423,36,0.3151813165314764,141.0,2234,1.3477331052181398,-5.119481815589552
143,2251,1951.825925925926,1135.2222222222222,0,2251,12.338066809784577,2.6961383231450533,,41.54381398546552,12926,7,0.296989265696721,142.0,2280,1.1040509259260034,2.459722222222126
144,2251,592.9030303030303,1075.7636363636364,0,2251,61.2242613006467,37.52465414816101,,75.53993938237392,12925,8,0.8104886210026857,143.0,2205,31.91910747344832,-19.72993276819648
145,2251,349.7305825242718,1115.5509708737864,0,2251,196.58871155760824,11.713085205626028,25.0,256.7355794644435,11623,25,0.7657244545835717,144.0,2322,10.601716544890394,-4.9799569612650885
