ImageNumber,ObjectNumber,Location_Center_X,Location_Center_Y,Location_Center_Z,Number_Object_Number,TrackObjects_Displacement_50,TrackObjects_DistanceTraveled_50,TrackObjects_FinalAge_50,TrackObjects_IntegratedDistance_50,TrackObjects_Label_50,TrackObjects_Lifetime_50,TrackObjects_Linearity_50,TrackObjects_ParentImageNumber_50,TrackObjects_ParentObjectNumber_50,TrackObjects_TrajectoryX_50,TrackObjects_TrajectoryY_50
141,2283,1904.8472222222224,1141.9611111111112,0,2283,35.18549217221439,6.0401494445553485,,42.17659937669693,12926,5,0.8342420368687853,140.0,2259,-5.516923436041225,-2.4590569561157736
142,2283,1486.4797843665767,1124.2425876010782,0,2283,56.83520717236431,1.1000915110667344,,276.5548237179788,10338,37,0.2055115380316884,141.0,2261,0.6988045394873552,-0.8496314190947487
143,2283,629.6666666666666,1159.219512195122,0,2283,1.5918431054548796,2.897092311813777,,6.245005623286531,13174,4,0.2548985864030572,142.0,2320,1.3278236914600257,2.5748840959483914
144,2283,1638.0,1096.44578313253,0,2283,0.0,0.0,1.0,0.0,13556,1,,0.0,0,0.0,0.0
145,2283,419.75767918088735,1127.1638225255972,0,2283,43.09386260709941,3.574083944411178,16.0,85.04693237286965,12362,16,0.506706842971876,144.0,2338,1.4921924552236303,-3.2476818991815435
