ImageNumber,ObjectNumber,Location_Center_X,Location_Center_Y,Location_Center_Z,Number_Object_Number,TrackObjects_Displacement_50,TrackObjects_DistanceTraveled_50,TrackObjects_FinalAge_50,TrackObjects_IntegratedDistance_50,TrackObjects_Label_50,TrackObjects_Lifetime_50,TrackObjects_Linearity_50,TrackObjects_ParentImageNumber_50,TrackObjects_ParentObjectNumber_50,TrackObjects_TrajectoryX_50,TrackObjects_TrajectoryY_50
142,2301,400.1645569620253,1142.240506329114,0,2301,18.61029066620964,0.5611014796611405,,78.67046911282665,12362,13,0.2365600571101127,141.0,2276,-0.5513521288837637,0.1041426927502016
144,2301,1822.571428571429,1102.9939637826965,0,2301,93.23598100770876,10.258151663112498,,475.3974596199358,9726,46,0.1961221691892249,143.0,2219,-8.58172458172453,-5.619935831203293
145,2301,1089.299019607843,1151.2549019607843,0,2301,22.168751848804614,21.219871540217625,3.0,27.967674415123746,13463,3,0.7926562473430643,144.0,2359,-21.104826546003096,-2.206636500754257
