ImageNumber,ObjectNumber,Location_Center_X,Location_Center_Y,Location_Center_Z,Number_Object_Number,TrackObjects_Displacement_50,TrackObjects_DistanceTraveled_50,TrackObjects_FinalAge_50,TrackObjects_IntegratedDistance_50,TrackObjects_Label_50,TrackObjects_Lifetime_50,TrackObjects_Linearity_50,TrackObjects_ParentImageNumber_50,TrackObjects_ParentObjectNumber_50,TrackObjects_TrajectoryX_50,TrackObjects_TrajectoryY_50
137,2197,862.359649122807,1157.3070175438595,0,2197,0.0,0.0,1.0,0.0,12933,1,,0.0,0,0.0,0.0
138,2197,913.702380952381,1145.6666666666667,0,2197,10.547227255856736,10.547227255856736,2.0,10.547227255856736,12927,2,1.0,137.0,2161,-4.346006144393186,9.610215053763568
140,2197,1216.63179916318,1102.4769874476988,0,2197,118.91286230117406,6.848400569392799,,332.6277107164671,10423,34,0.357495357332197,139.0,2113,-5.962628081402045,3.368628314571879
141,2197,845.9928229665072,1082.598086124402,0,2197,64.97285813712233,7.922483809298525,,654.2780999807815,6481,81,0.0993046506356101,140.0,2176,6.311663546217346,-4.788387305549577
142,2197,1040.7363184079602,1069.1641791044776,0,2197,66.38577711613901,2.427447801971339,,768.9721548845824,2616,124,0.0863305344601236,141.0,2169,-0.4286030580083206,2.389309994530094
143,2197,1698.923076923077,1091.6860282574569,0,2197,54.61035094578401,4.078930782919392,,108.5141283763421,12781,9,0.5032556752092936,142.0,2232,-3.7380801017163776,1.6323092491925308
144,2197,1825.1005859375,1027.4482421875,0,2197,117.87039554586204,3.2075729929390078,,678.554193577703,6561,83,0.1737081528070527,143.0,2118,2.7966510664009547,-1.5707537419436903
145,2197,596.8964143426294,1073.8247011952192,0,2197,65.65337467563707,4.439210028265195,9.0,79.97914941063911,12925,9,0.8208811316378369,144.0,2251,3.993384039599164,-1.9389351684171745
