ImageNumber,ObjectNumber,Location_Center_X,Location_Center_Y,Location_Center_Z,Number_Object_Number,TrackObjects_Displacement_50,TrackObjects_DistanceTraveled_50,TrackObjects_FinalAge_50,TrackObjects_IntegratedDistance_50,TrackObjects_Label_50,TrackObjects_Lifetime_50,TrackObjects_Linearity_50,TrackObjects_ParentImageNumber_50,TrackObjects_ParentObjectNumber_50,TrackObjects_TrajectoryX_50,TrackObjects_TrajectoryY_50
142,2294,49.87341772151899,1135.1012658227849,0,2294,5.371732675514426,9.351621881382655,,30.279574591757232,12850,7,0.1774044961971404,141.0,2271,-9.260222831476405,-1.304264131132186
144,2294,1750.0829787234045,1102.672340425532,0,2294,37.92740609484137,39.41255181778366,10.0,129.05444396774973,12777,10,0.2938868661068293,143.0,2230,30.80103574557961,-24.5895391943202
145,2294,1490.2877697841727,1142.4352517985612,0,2294,72.90809682493412,7.46958700865081,40.0,319.81442415690066,10338,40,0.2279700079730158,144.0,2356,-3.987384219934029,-6.316288242506516
