ImageNumber,ObjectNumber,Location_Center_X,Location_Center_Y,Location_Center_Z,Number_Object_Number,TrackObjects_Displacement_50,TrackObjects_DistanceTraveled_50,TrackObjects_FinalAge_50,TrackObjects_IntegratedDistance_50,TrackObjects_Label_50,TrackObjects_Lifetime_50,TrackObjects_Linearity_50,TrackObjects_ParentImageNumber_50,TrackObjects_ParentObjectNumber_50,TrackObjects_TrajectoryX_50,TrackObjects_TrajectoryY_50
140,2269,401.3719676549865,1156.1832884097034,0,2269,18.974543581783774,16.41902077130867,,72.06269399396969,12362,11,0.2633060538004809,139.0,2176,-8.126539807700055,14.266870499255674
141,2269,467.6412213740458,1131.3931297709923,0,2269,18.73901631798881,4.4065367750393865,,45.93532795216,12442,11,0.40794345340268,140.0,2251,0.4245547073791726,-4.386036895674351
142,2269,626.6290322580645,1122.6344086021506,0,2269,21.16317725413926,1.7795077387930869,,68.14200445180714,12534,11,0.3105746216947102,141.0,2244,-1.0913067249863388,1.405595042828509
143,2269,1883.045138888889,1151.2118055555557,0,2269,0.0,0.0,1.0,0.0,13461,1,,0.0,0,0.0,0.0
144,2269,836.0185873605948,1087.2527881040892,0,2269,65.1436439024706,9.694125153937096,,666.4980262754359,6481,84,0.0977401902695949,143.0,2193,-9.366449135755602,2.499138469052696
145,2269,1785.9761306532664,1120.178391959799,0,2269,46.99566336108629,7.703631644405248,32.0,280.3309983675969,11038,32,0.16764347729915,144.0,2324,-1.4245315983891942,7.570776065759219
