ImageNumber,ObjectNumber,Location_Center_X,Location_Center_Y,Location_Center_Z,Number_Object_Number,TrackObjects_Displacement_50,TrackObjects_DistanceTraveled_50,TrackObjects_FinalAge_50,TrackObjects_IntegratedDistance_50,TrackObjects_Label_50,TrackObjects_Lifetime_50,TrackObjects_Linearity_50,TrackObjects_ParentImageNumber_50,TrackObjects_ParentObjectNumber_50,TrackObjects_TrajectoryX_50,TrackObjects_TrajectoryY_50
140,2234,656.1764705882352,1130.8039215686274,0,2234,14.392467201519754,2.8952547915296063,10.0,64.37413780496627,12441,10,0.2235753004587724,139.0,2163,-1.2141544117647527,-2.6283700980393405
141,2234,1218.071428571429,1114.4707792207791,0,2234,117.19165535983656,6.634197927945748,,362.1643892354811,10423,35,0.3235869092685365,140.0,2208,-5.587274500243666,-3.577002349186614
142,2234,139.14880952380952,1090.3869047619048,0,2234,73.50473867970751,2.5572435065246,,175.18852819461725,11530,23,0.4195750682833009,141.0,2214,-0.1232492997199017,-2.5542717086834728
143,2234,1834.811224489796,1119.2295918367347,0,2234,7.74484700773193,7.74484700773193,,7.74484700773193,13358,2,1.0,142.0,2277,-2.2501790189760413,-7.410759040458288
144,2234,1977.2625698324025,1057.8491620111731,0,2234,47.76728153121123,7.726469967214817,,655.0524165102398,6561,83,0.0729213118328593,143.0,2148,7.57273026020971,1.533653989782806
145,2234,1341.9426229508197,1097.1967213114754,0,2234,32.61325645364945,32.61325645364945,2.0,32.61325645364945,13559,2,1.0,144.0,2337,-13.857772306097331,-29.5226462774574
