ImageNumber,ObjectNumber,Location_Center_X,Location_Center_Y,Location_Center_Z,Number_Object_Number,TrackObjects_Displacement_50,TrackObjects_DistanceTraveled_50,TrackObjects_FinalAge_50,TrackObjects_IntegratedDistance_50,TrackObjects_Label_50,TrackObjects_Lifetime_50,TrackObjects_Linearity_50,TrackObjects_ParentImageNumber_50,TrackObjects_ParentObjectNumber_50,TrackObjects_TrajectoryX_50,TrackObjects_TrajectoryY_50
140,2262,1684.7596153846157,1147.5961538461538,0,2262,13.915957131942164,4.402263070096256,,48.347776869749566,12781,6,0.2878303415983778,139.0,2190,-3.537681912681819,-2.620062370062442
141,2262,337.8904899135447,1132.1959654178677,0,2262,222.1013788545017,7.427049503376021,,965.7025155609716,4202,106,0.2299894380263513,140.0,2221,5.1033931393511125,5.395965417867501
142,2262,459.9675810473816,1120.3740648379053,0,2262,43.88528347627342,5.250587976010175,,109.46671897020003,11892,19,0.4009006928235444,141.0,2247,-0.1023114257367296,-5.249591076073102
143,2262,333.6610169491525,1143.1598062953994,0,2262,232.67666019327328,8.67515827489789,,982.9862045785978,4202,108,0.2367038917835279,142.0,2306,8.558213210834822,-1.4196329569369937
144,2262,576.976833976834,1085.3243243243244,0,2262,42.65342855720616,18.952222743492,,56.9675079777049,12925,8,0.7487325682896158,143.0,2205,15.992911147252016,-10.169244807508449
145,2262,1228.205533596838,1120.0869565217392,0,2262,107.37657036806428,14.148111611487453,39.0,394.959653696282,10423,39,0.2718671878587256,144.0,2307,-8.88732354601916,11.008385093167815
