ImageNumber,ObjectNumber,Location_Center_X,Location_Center_Y,Location_Center_Z,Number_Object_Number,TrackObjects_Displacement_50,TrackObjects_DistanceTraveled_50,TrackObjects_FinalAge_50,TrackObjects_IntegratedDistance_50,TrackObjects_Label_50,TrackObjects_Lifetime_50,TrackObjects_Linearity_50,TrackObjects_ParentImageNumber_50,TrackObjects_ParentObjectNumber_50,TrackObjects_TrajectoryX_50,TrackObjects_TrajectoryY_50
141,2291,874.7882352941176,1153.870588235294,0,2291,2.1663065712077203,11.400545361397397,,24.01920408807363,12930,5,0.0901906059528161,140.0,2268,10.304364326375662,4.877756694075288
142,2291,1792.3365853658536,1128.8487804878048,0,2291,57.71164797209728,3.7170075385965697,,252.44994496011628,11038,29,0.2286063004736045,141.0,2258,3.7131285757300247,0.1697681421258039
144,2291,1222.5006858710562,1101.4252400548696,0,2291,113.14749895526364,4.200533812067704,,376.28936185765474,10423,38,0.3006927923677678,143.0,2214,0.3516545744839732,-4.185788261076823
145,2291,1811.796322489392,1143.5657708628005,0,2291,80.96951827195178,20.86555416454164,32.0,253.26673956204175,11038,32,0.3197005592284532,144.0,2349,20.0780126302368,5.678446919138423
