ImageNumber,ObjectNumber,Location_Center_X,Location_Center_Y,Location_Center_Z,Number_Object_Number,TrackObjects_Displacement_50,TrackObjects_DistanceTraveled_50,TrackObjects_FinalAge_50,TrackObjects_IntegratedDistance_50,TrackObjects_Label_50,TrackObjects_Lifetime_50,TrackObjects_Linearity_50,TrackObjects_ParentImageNumber_50,TrackObjects_ParentObjectNumber_50,TrackObjects_TrajectoryX_50,TrackObjects_TrajectoryY_50
137,2163,604.4804469273743,1136.1145251396647,0,2163,7.4826372364435985,17.06605846911675,,45.2327700483924,12534,6,0.1654251382004303,136.0,2119,-16.869553072625763,-2.5823498603353983
138,2163,424.0181818181818,1128.7272727272727,0,2163,20.25216744578137,0.6510561594389638,,76.66491565100829,12137,12,0.2641647391614265,137.0,2147,-0.5958532695374856,0.2623604465709377
139,2163,657.390625,1133.4322916666667,0,2163,13.528393746891584,12.697881226749836,,61.478883013436665,12441,9,0.2200494394788346,138.0,2189,10.725487385321117,-6.797066131498468
140,2163,1768.8766066838043,1073.39588688946,0,2163,0.0,0.0,1.0,0.0,13165,1,,0.0,0,0.0,0.0
141,2163,836.6141479099679,1058.3279742765274,0,2163,39.3588097828932,2.0462547916113,,666.1615559749835,6481,81,0.0590829798415615,140.0,2146,1.102653657094265,-1.7237498614035758
142,2163,1963.178947368421,1046.2157894736845,0,2163,29.591471347784648,16.695879826203758,,481.57566390782085,6561,81,0.0614471900586919,141.0,2133,-11.743962512143751,11.867255271729846
143,2163,1905.9134396355355,1059.8564920273348,0,2163,51.10426533719608,2.883967993380955,,554.2276164902237,6561,82,0.0922080816918251,142.0,2182,1.281775661383335,2.583471025719291
144,2163,149.14836795252225,1005.9643916913948,0,2163,133.30616468683166,6.927665103987587,,603.3663617933851,5417,96,0.2209373493918453,143.0,2100,3.1046361740965835,-6.193042710937675
145,2163,1719.3724489795918,1048.8494897959183,0,2163,99.63238648355684,2.7488726577721367,11.0,130.6702604421829,12781,11,0.762471783146409,144.0,2219,-2.7363945578231323,-0.2616213151927695
