ImageNumber,ObjectNumber,Location_Center_X,Location_Center_Y,Location_Center_Z,Number_Object_Number,TrackObjects_Displacement_50,TrackObjects_DistanceTraveled_50,TrackObjects_FinalAge_50,TrackObjects_IntegratedDistance_50,TrackObjects_Label_50,TrackObjects_Lifetime_50,TrackObjects_Linearity_50,TrackObjects_ParentImageNumber_50,TrackObjects_ParentObjectNumber_50,TrackObjects_TrajectoryX_50,TrackObjects_TrajectoryY_50
142,2308,1502.845744680851,1146.8191489361702,0,2308,84.40905901421867,13.739708933585876,,300.8710707690134,10338,37,0.280548936787019,141.0,2279,13.63933898690084,-1.6577193912319217
144,2308,1726.650145772595,1113.9110787172012,0,2308,15.157527011858416,15.249075288917725,10.0,104.8909674388838,12777,10,0.1445074574289741,143.0,2230,7.368202794770013,-13.350800902650915
145,2308,1477.26,1156.67,0,2308,78.42614444694145,18.767457843423674,40.0,331.11229499167354,10338,40,0.2368566363532759,144.0,2356,-17.015154004106762,7.918459958932317
