ImageNumber,ObjectNumber,Location_Center_X,Location_Center_Y,Location_Center_Z,Number_Object_Number,TrackObjects_Displacement_50,TrackObjects_DistanceTraveled_50,TrackObjects_FinalAge_50,TrackObjects_IntegratedDistance_50,TrackObjects_Label_50,TrackObjects_Lifetime_50,TrackObjects_Linearity_50,TrackObjects_ParentImageNumber_50,TrackObjects_ParentObjectNumber_50,TrackObjects_TrajectoryX_50,TrackObjects_TrajectoryY_50
137,2173,437.9655172413793,1143.2827586206895,0,2173,39.598551970536015,1.097517364536687,,77.80479565054165,11892,14,0.508947445198519,136.0,2125,0.2836990595611155,-1.0602165859218076
138,2173,907.1309523809524,1132.6309523809523,0,2173,0.0,0.0,,0.0,13008,1,,0.0,0,0.0,0.0
139,2173,1807.2857142857144,1136.2018633540372,0,2173,72.39907746624843,11.60667139846188,,233.5119404893135,11038,26,0.3100444341926991,138.0,2166,10.901098901098749,3.985080137254045
140,2173,818.8700906344411,1085.2114803625377,0,2173,59.60878488100125,6.326853512836824,,664.5049964348474,6481,80,0.0897040431611648,139.0,2095,-5.436657831816547,3.236020239838353
141,2173,563.6264367816092,1069.8994252873565,0,2173,85.93788538537189,12.672197279418077,,97.59196953584784,12695,8,0.8805835745922195,140.0,2166,10.42055442866797,-7.210868830290792
142,2173,167.2594142259414,1051.0251046025105,0,2173,118.22178573788956,3.154291190556995,,626.4840565231326,5417,94,0.1887067747485833,141.0,2152,-1.2984561444289682,2.8746416395474625
143,2173,882.140625,1066.4479166666667,0,2173,85.63425714676085,13.332187801215143,,247.0771419200747,10609,35,0.3465891522027646,142.0,2191,-12.521187297734627,4.578984627831687
144,2173,1978.370478983382,1019.3587487781036,0,2173,35.82318431033448,10.597382415930172,,493.7151438383753,6561,83,0.0725584069223157,143.0,2107,10.113095017137312,-3.1669896185208017
145,2173,1582.906779661017,1050.9364406779662,0,2173,119.22377056863156,1.858084020324945,77.0,500.7650543264676,7150,77,0.2380832478995331,144.0,2225,-1.5799753058704482,0.9778314064431016
