ImageNumber,ObjectNumber,Location_Center_X,Location_Center_Y,Location_Center_Z,Number_Object_Number,TrackObjects_Displacement_50,TrackObjects_DistanceTraveled_50,TrackObjects_FinalAge_50,TrackObjects_IntegratedDistance_50,TrackObjects_Label_50,TrackObjects_Lifetime_50,TrackObjects_Linearity_50,TrackObjects_ParentImageNumber_50,TrackObjects_ParentObjectNumber_50,TrackObjects_TrajectoryX_50,TrackObjects_TrajectoryY_50
141,2285,323.63517915309444,1150.0488599348537,0,2285,239.05821567001817,12.07850321401682,,968.6481420553928,4202,106,0.2467957200255978,140.0,2241,2.344090044183531,11.848859934853408
142,2285,1459.402105263158,1126.2505263157896,0,2285,3.0894493435602,3.908423689652076,,54.28607571582312,12779,8,0.0569105300543892,141.0,2264,2.5607505394502823,-2.952682240360218
144,2285,332.125,1101.8947368421052,0,2285,191.4132112819144,7.33467756949415,,949.8060663924726,4202,109,0.2015287310270978,143.0,2208,5.229265402843623,-5.143177849837912
145,2285,1516.042105263158,1128.957894736842,0,2285,83.24077201640618,5.1754090700116695,40.0,341.47573527316683,10338,40,0.2437677510228272,144.0,2343,-4.8967593656630015,-1.675293036083758
