ImageNumber,ObjectNumber,Location_Center_X,Location_Center_Y,Location_Center_Z,Number_Object_Number,TrackObjects_Displacement_50,TrackObjects_DistanceTraveled_50,TrackObjects_FinalAge_50,TrackObjects_IntegratedDistance_50,TrackObjects_Label_50,TrackObjects_Lifetime_50,TrackObjects_Linearity_50,TrackObjects_ParentImageNumber_50,TrackObjects_ParentObjectNumber_50,TrackObjects_TrajectoryX_50,TrackObjects_TrajectoryY_50
140,2243,1455.2014492753624,1126.9927536231885,0,2243,1.9259749354525304,2.9105201971700634,,47.62530740927346,12779,6,0.0404401575595396,139.0,2166,-2.358765778400993,-1.7050958391771474
141,2243,1789.2034632034631,1120.2034632034631,0,2243,124.58108053562763,23.207281632188383,,462.72599264017975,9726,43,0.2692329424262603,140.0,2210,-21.6862584239459,8.263420376910744
142,2243,404.4220183486239,1099.302752293578,0,2243,207.5524845549812,1.6593597748239974,,884.8430805290969,4202,107,0.234564172023444,141.0,2219,0.968085764354214,1.347696113802613
143,2243,1178.685,1130.89,0,2243,5.867687395983008,5.867687395983008,2.0,5.867687395983008,13359,2,1.0,142.0,2278,4.748241106719206,3.447312252964593
144,2243,195.31407942238263,1068.3357400722025,0,2243,41.907532181720406,3.268633704815288,,76.88928863417217,12609,12,0.5450373247840831,143.0,2177,1.5702777694901044,-2.8667392666407068
145,2243,1246.6570247933885,1102.6942148760331,0,2243,88.97627913600391,11.499274387430209,39.0,392.3108164722248,10423,39,0.2268004740121748,144.0,2307,9.564167650531315,-6.384356552538293
