ImageNumber,ObjectNumber,Location_Center_X,Location_Center_Y,Location_Center_Z,Number_Object_Number,TrackObjects_Displacement_50,TrackObjects_DistanceTraveled_50,TrackObjects_FinalAge_50,TrackObjects_IntegratedDistance_50,TrackObjects_Label_50,TrackObjects_Lifetime_50,TrackObjects_Linearity_50,TrackObjects_ParentImageNumber_50,TrackObjects_ParentObjectNumber_50,TrackObjects_TrajectoryX_50,TrackObjects_TrajectoryY_50
140,2242,667.0,1134.677966101695,0,2242,21.59209651150511,9.689777741966411,10.0,71.16866075540308,12441,10,0.3033933234421002,139.0,2163,9.609375,1.2456744350281497
141,2242,1945.9427083333333,1113.2534722222222,0,2242,88.67405482282257,3.1374394865317576,,585.2836702894978,6561,80,0.1515061145973232,140.0,2218,-2.831161013400333,-1.3520554159688345
142,2242,151.34666666666666,1098.33,0,2242,74.56583334277506,4.899301999066129,,179.7742520643787,11530,23,0.4147748216806509,141.0,2223,3.308787878787882,-3.613181818181829
143,2242,1154.7662921348317,1129.6539325842696,0,2242,85.44762296759534,17.916047563328558,,432.5062140492193,9430,49,0.1975639197587838,142.0,2261,9.766292134831474,15.02012976736819
144,2242,1992.8457142857144,1066.297142857143,0,2242,65.015159640402,9.690119741886557,,648.3213418713535,6561,83,0.1002823066918302,143.0,2165,9.684202258222967,-0.3385959744721276
145,2242,1853.572383073497,1101.56570155902,0,2242,63.69694263253054,10.74415963996916,47.0,493.2918851324399,9726,47,0.1291262730085841,144.0,2315,5.172729094257875,-9.416997402917788
