ImageNumber,ObjectNumber,Location_Center_X,Location_Center_Y,Location_Center_Z,Number_Object_Number,TrackObjects_Displacement_50,TrackObjects_DistanceTraveled_50,TrackObjects_FinalAge_50,TrackObjects_IntegratedDistance_50,TrackObjects_Label_50,TrackObjects_Lifetime_50,TrackObjects_Linearity_50,TrackObjects_ParentImageNumber_50,TrackObjects_ParentObjectNumber_50,TrackObjects_TrajectoryX_50,TrackObjects_TrajectoryY_50
140,2231,1906.78612716763,1124.650289017341,0,2231,34.59949232752372,22.8358007849034,,35.063767493695565,12926,4,0.9867591191889086,139.0,2158,-22.30299200335457,-4.904115127736759
141,2231,1355.892857142857,1105.2785714285717,0,2231,5.85092906967551,5.85092906967551,,5.85092906967551,13169,2,1.0,140.0,2193,-1.3039932508436325,5.703768278965072
142,2231,405.6896551724138,1089.9310344827586,0,2231,199.65314897884195,8.832438220712936,,917.2174175794178,4202,107,0.2176726533450885,141.0,2201,8.620689655172384,1.9224137931034877
143,2231,416.4173228346457,1119.7007874015749,0,2231,45.00017701699176,3.561176612981743,,70.57404724471603,12362,14,0.6376306698261659,142.0,2267,3.5601799775028558,0.0842460481915168
144,2231,1540.0575539568345,1058.6570743405275,0,2231,76.0923215836002,5.847005750694804,,511.43225353241456,7150,76,0.1487827978349775,143.0,2159,-5.157635916583331,-2.7543180645357097
145,2231,802.8127490039841,1100.8844621513945,0,2231,24.07519470432213,0.8767897579780435,47.0,433.4318446338104,9724,47,0.0555455142541783,144.0,2290,-0.7498430431439829,0.4544179687729865
