ImageNumber,ObjectNumber,Location_Center_X,Location_Center_Y,Location_Center_Z,Number_Object_Number,TrackObjects_Displacement_50,TrackObjects_DistanceTraveled_50,TrackObjects_FinalAge_50,TrackObjects_IntegratedDistance_50,TrackObjects_Label_50,TrackObjects_Lifetime_50,TrackObjects_Linearity_50,TrackObjects_ParentImageNumber_50,TrackObjects_ParentObjectNumber_50,TrackObjects_TrajectoryX_50,TrackObjects_TrajectoryY_50
138,2207,37.94791666666666,1149.75,0,2207,7.419920593903099,3.1065748209330173,3.0,12.406078404069568,12854,3,0.5980875142195733,137.0,2191,0.2479166666666614,3.0966666666665787
140,2207,432.0738636363636,1113.221590909091,0,2207,34.44822957832977,14.54079341131371,,95.05259902627267,12137,14,0.3624122846846958,139.0,2154,8.631115544760576,-11.702073213046331
141,2207,1828.7542857142855,1088.72,0,2207,91.4400993389364,17.55584059640192,,480.2719943493996,9726,43,0.1903923202159761,140.0,2194,14.243442340791717,-10.2631325301204
142,2207,23.88571428571429,1077.7877551020408,0,2207,141.81085441157566,4.853674186809499,,405.0687085915022,9569,46,0.350090864595979,141.0,2184,3.740786749482403,-3.092679680567926
143,2207,1202.664935064935,1097.877922077922,0,2207,133.2289051583517,3.1809258787253465,,330.72385827979986,10423,37,0.4028403207779373,142.0,2240,-3.1237012987014623,0.6006493506492916
144,2207,1879.106422018349,1045.3174311926605,0,2207,67.09944092386303,12.459289343161176,,630.3437590084197,6561,83,0.1064489652906466,143.0,2130,8.820390976220096,8.799692833458721
145,2207,1219.4974958263772,1081.4140233722871,0,2207,119.5105361072664,3.895525636630432,39.0,336.2434764032903,10423,39,0.3554285644011291,144.0,2265,1.7715244562341468,-3.4694122105349834
