ImageNumber,ObjectNumber,Location_Center_X,Location_Center_Y,Location_Center_Z,Number_Object_Number,TrackObjects_Displacement_50,TrackObjects_DistanceTraveled_50,TrackObjects_FinalAge_50,TrackObjects_IntegratedDistance_50,TrackObjects_Label_50,TrackObjects_Lifetime_50,TrackObjects_Linearity_50,TrackObjects_ParentImageNumber_50,TrackObjects_ParentObjectNumber_50,TrackObjects_TrajectoryX_50,TrackObjects_TrajectoryY_50
140,2221,332.7870967741936,1126.8,0,2221,216.29655296041156,1.8603089043390348,,958.2754660575956,4202,105,0.2257143802817668,139.0,2146,-0.7838709677419047,-1.6870967741936056
141,2221,1907.8977272727277,1097.2613636363635,0,2221,2.782786525841847,2.782786525841847,,2.782786525841847,13170,2,1.0,140.0,2195,1.2536594761170363,-2.4843990755007326
142,2221,1833.706065318818,1085.1166407465007,0,2221,88.31545245306546,11.36377383862317,,488.4354817922949,9726,44,0.1808129338372293,141.0,2213,-9.021803533641105,-6.909588761696114
143,2221,36.84615384615385,1115.8615384615384,0,2221,0.0,0.0,1.0,0.0,13457,1,,0.0,0,0.0,0.0
144,2221,355.4407894736842,1053.2697368421052,0,2221,6.609888095571269,6.609888095571269,,6.609888095571269,13455,2,1.0,143.0,2151,4.9521531100478455,-4.377990430622049
145,2221,353.4519480519481,1093.3948051948053,0,2221,185.92938783959525,3.139051356201306,110.0,933.1825306622296,4202,110,0.1992422508248746,144.0,2287,-2.854381061975971,1.306197599868483
