ImageNumber,ObjectNumber,Location_Center_X,Location_Center_Y,Location_Center_Z,Number_Object_Number,TrackObjects_Displacement_50,TrackObjects_DistanceTraveled_50,TrackObjects_FinalAge_50,TrackObjects_IntegratedDistance_50,TrackObjects_Label_50,TrackObjects_Lifetime_50,TrackObjects_Linearity_50,TrackObjects_ParentImageNumber_50,TrackObjects_ParentObjectNumber_50,TrackObjects_TrajectoryX_50,TrackObjects_TrajectoryY_50
142,2309,248.7159090909091,1143.8219696969695,0,2309,92.2654253788759,11.053529002078305,,179.12884392855216,11623,22,0.5150785510326699,141.0,2280,10.752848404893257,-2.560616055009177
144,2309,481.18048780487806,1115.7951219512197,0,2309,39.378251905318095,6.75088855692925,,67.11686711396135,12442,14,0.5867117104625226,143.0,2226,4.866202090592367,-4.679163763066299
145,2309,1597.5054945054944,1158.2747252747254,0,2309,0.0,0.0,1.0,0.0,13636,1,,0.0,0,0.0,0.0
