ImageNumber,ObjectNumber,Location_Center_X,Location_Center_Y,Location_Center_Z,Number_Object_Number,TrackObjects_Displacement_50,TrackObjects_DistanceTraveled_50,TrackObjects_FinalAge_50,TrackObjects_IntegratedDistance_50,TrackObjects_Label_50,TrackObjects_Lifetime_50,TrackObjects_Linearity_50,TrackObjects_ParentImageNumber_50,TrackObjects_ParentObjectNumber_50,TrackObjects_TrajectoryX_50,TrackObjects_TrajectoryY_50
140,2255,439.33454545454543,1142.5272727272727,0,2255,39.69113738614699,1.2467086955861555,,87.1828648232433,11892,17,0.4552630550351584,139.0,2184,-0.8534244702665887,-0.9088174982912278
141,2255,1952.3184523809523,1131.1636904761904,0,2255,13.658790636159056,13.988065036198538,,36.58819536216444,12926,5,0.3733114055218887,140.0,2233,13.745913520848717,-2.591490870959888
142,2255,1191.8439716312057,1110.9645390070923,0,2255,0.0,0.0,,0.0,13357,1,,0.0,0,0.0,0.0
143,2255,420.57142857142856,1131.7904761904765,0,2255,41.53270343773543,2.8788175399788702,,78.78604160126744,12362,14,0.5271581436713186,142.0,2281,2.1981409001956536,1.858969341161128
144,2255,17.619791666666668,1079.1145833333333,0,2255,146.1783623712558,1.7665632063747976,,430.631460964813,9569,48,0.339451191150198,143.0,2191,0.8436722636815936,-1.552083333333485
145,2255,1378.700680272109,1111.9863945578231,0,2255,7.366966808895007,0.8360617881292014,7.0,31.987255897924022,13060,7,0.2303094342448151,144.0,2300,0.2458307737811083,0.799103587923355
