ImageNumber,ObjectNumber,Location_Center_X,Location_Center_Y,Location_Center_Z,Number_Object_Number,TrackObjects_Displacement_50,TrackObjects_DistanceTraveled_50,TrackObjects_FinalAge_50,TrackObjects_IntegratedDistance_50,TrackObjects_Label_50,TrackObjects_Lifetime_50,TrackObjects_Linearity_50,TrackObjects_ParentImageNumber_50,TrackObjects_ParentObjectNumber_50,TrackObjects_TrajectoryX_50,TrackObjects_TrajectoryY_50
142,2320,628.3388429752066,1156.6446280991736,0,2320,3.2565172490019965,0.7164094142291314,,3.347913311472753,13174,3,0.972700588704744,141.0,2292,-0.7103373526622363,-0.0930768188591173
144,2320,1938.6138996138995,1120.5173745173745,0,2320,95.9844295052522,7.741666853153975,,607.2836684983199,6561,83,0.1580553446177809,143.0,2239,4.930487291624559,5.968559351497788
