ImageNumber,ObjectNumber,Location_Center_X,Location_Center_Y,Location_Center_Z,Number_Object_Number,TrackObjects_Displacement_50,TrackObjects_DistanceTraveled_50,TrackObjects_FinalAge_50,TrackObjects_IntegratedDistance_50,TrackObjects_Label_50,TrackObjects_Lifetime_50,TrackObjects_Linearity_50,TrackObjects_ParentImageNumber_50,TrackObjects_ParentObjectNumber_50,TrackObjects_TrajectoryX_50,TrackObjects_TrajectoryY_50
142,2295,682.0132450331126,1130.3973509933776,0,2295,7.158836175564303,5.666849067154882,,7.70636426326641,13172,3,0.928951179960181,141.0,2253,-1.497393264759694,5.465436099760609
144,2295,1934.2116182572613,1103.8174273858922,0,2295,79.66635784790523,10.74437923726428,,610.2863808824302,6561,83,0.1305393014550208,143.0,2239,0.5282059349863175,-10.731387779984516
145,2295,239.75539568345323,1144.9640287769785,0,2295,83.23264972917725,3.603041443058242,25.0,192.28585948674424,11623,25,0.4328589213546154,144.0,2351,-3.477579226941032,0.9425234006344
