ImageNumber,ObjectNumber,Location_Center_X,Location_Center_Y,Location_Center_Z,Number_Object_Number,TrackObjects_Displacement_50,TrackObjects_DistanceTraveled_50,TrackObjects_FinalAge_50,TrackObjects_IntegratedDistance_50,TrackObjects_Label_50,TrackObjects_Lifetime_50,TrackObjects_Linearity_50,TrackObjects_ParentImageNumber_50,TrackObjects_ParentObjectNumber_50,TrackObjects_TrajectoryX_50,TrackObjects_TrajectoryY_50
140,2223,1759.2058823529412,1121.768907563025,0,2223,41.96196336472866,4.3690630009594935,,227.32702831603015,11038,27,0.1845885360644098,139.0,2151,1.8033666296707904,-3.979520109930718
141,2223,148.03787878787878,1101.9431818181818,0,2223,69.66664457692654,7.663827030797393,,174.87495006531256,11530,22,0.3983797825297868,140.0,2179,3.911752661752644,6.590328965328808
142,2223,845.2294617563739,1083.2209631728044,0,2223,65.15505065810757,0.9852391357242768,,655.2633391165058,6481,82,0.0994333831432663,141.0,2197,-0.7633612101333256,0.6228770484024153
143,2223,328.23870967741937,1114.9935483870968,0,2223,175.70948070305795,9.245416257418723,,233.351977846818,11623,23,0.7529804646369914,142.0,2268,8.503415559772293,-3.629000632510952
144,2223,1052.4149184149185,1058.158508158508,0,2223,80.49636552590485,3.27968823623086,,767.961723479648,2616,126,0.1048182000024355,143.0,2157,-3.264093930760509,-0.3194459861126688
145,2223,1483.55,1090.415625,0,2223,36.88466660794668,1.863244117472473,77.0,433.0451804012123,7150,77,0.0851751001449164,144.0,2281,-1.1846938775511262,-1.438116496598468
