ImageNumber,ObjectNumber,Location_Center_X,Location_Center_Y,Location_Center_Z,Number_Object_Number,TrackObjects_Displacement_50,TrackObjects_DistanceTraveled_50,TrackObjects_FinalAge_50,TrackObjects_IntegratedDistance_50,TrackObjects_Label_50,TrackObjects_Lifetime_50,TrackObjects_Linearity_50,TrackObjects_ParentImageNumber_50,TrackObjects_ParentObjectNumber_50,TrackObjects_TrajectoryX_50,TrackObjects_TrajectoryY_50
140,2254,1787.23178807947,1141.867549668874,0,2254,67.00102273164563,4.566762391144076,,221.18495285583413,11038,27,0.3029185388362116,139.0,2183,2.635066767994658,3.7298447508412655
141,2254,1727.403125,1123.490625,0,2254,7.142232842708938,13.722129338285308,,77.05455478977505,12777,7,0.0926905990462837,140.0,2206,-9.465590083798816,9.93475907821221
142,2254,599.5900621118012,1109.9937888198758,0,2254,30.292775324305865,3.2717035142194306,,85.81565859910489,12534,11,0.3529982268832909,141.0,2232,3.270334220644713,-0.0946465542738224
143,2254,1818.568,1130.432,0,2254,95.53526230403337,16.13105627513294,,494.1026717035536,9726,45,0.1933510336518714,142.0,2271,14.414473029045666,7.2411286307053615
144,2254,1035.7898423817862,1079.7478108581436,0,2254,65.46328262643816,11.790885388003616,,417.069529008121,9430,50,0.1569601183335632,143.0,2189,-7.572402516173042,-9.037903427570654
145,2254,1157.557168784029,1113.9963702359346,0,2254,90.6841535071978,7.399939267956142,51.0,453.15800153343065,9430,51,0.2001159710307085,144.0,2321,-5.301029148024099,-5.163157090505592
