ImageNumber,ObjectNumber,Location_Center_X,Location_Center_Y,Location_Center_Z,Number_Object_Number,TrackObjects_Displacement_50,TrackObjects_DistanceTraveled_50,TrackObjects_FinalAge_50,TrackObjects_IntegratedDistance_50,TrackObjects_Label_50,TrackObjects_Lifetime_50,TrackObjects_Linearity_50,TrackObjects_ParentImageNumber_50,TrackObjects_ParentObjectNumber_50,TrackObjects_TrajectoryX_50,TrackObjects_TrajectoryY_50
137,2196,1995.8321917808216,1146.6883561643835,0,2196,23.00956995316619,12.226018555759891,,89.39909332029497,12050,12,0.2573803502763563,136.0,2114,7.165525114155116,9.90609809986745
138,2196,247.04887218045116,1148.6315789473683,0,2196,90.15047213848932,9.710263469075892,,158.3003546861243,11623,18,0.5694900198880691,137.0,2150,-3.257518796992485,9.147556390977345
139,2196,194.9656862745098,1154.3382352941176,0,2196,17.894138530834017,2.128153678713472,7.0,26.188755506130143,12612,7,0.6832756343326599,138.0,2209,1.2875746865269662,1.694458470083191
140,2196,399.81304347826085,1103.5217391304348,0,2196,209.52069711116349,3.737778908467392,,876.5321019621731,4202,105,0.2390336835834512,139.0,2120,-0.690404797601218,3.673463268365822
141,2196,1729.9842931937171,1082.2513089005236,0,2196,71.3141888767235,12.061086033861592,,76.56952335962086,12781,7,0.9313651926731364,140.0,2178,6.973751025042702,-9.840558569356062
142,2196,820.5909090909091,1064.9602272727273,0,2196,39.66673903022881,3.365945930312176,,668.9333147393316,6481,82,0.0592984953151661,141.0,2177,2.018495297805657,2.6935606060606005
143,2196,422.1044083526682,1087.6241299303945,0,2196,205.48563499762696,3.230157124188052,,910.1588377395047,4202,108,0.2257689828162045,142.0,2229,-0.936954177745406,3.091283215065914
144,2196,795.7251908396946,1038.175572519084,0,2196,41.267177914104245,10.644598010049611,,381.99968376570826,9724,46,0.1080293509860982,143.0,2126,-9.883917319698185,3.9516636006778754
145,2196,574.7705882352941,1065.464705882353,0,2196,97.47380976917354,19.00033130747373,12.0,111.98931983924226,12695,12,0.8703848716028872,144.0,2261,14.22741712069444,-12.593378890017448
