ImageNumber,ObjectNumber,Location_Center_X,Location_Center_Y,Location_Center_Z,Number_Object_Number,TrackObjects_Displacement_50,TrackObjects_DistanceTraveled_50,TrackObjects_FinalAge_50,TrackObjects_IntegratedDistance_50,TrackObjects_Label_50,TrackObjects_Lifetime_50,TrackObjects_Linearity_50,TrackObjects_ParentImageNumber_50,TrackObjects_ParentObjectNumber_50,TrackObjects_TrajectoryX_50,TrackObjects_TrajectoryY_50
137,2179,1497.6865342163355,1150.055187637969,0,2179,83.47679612420332,1.4561043890461345,,271.808565308252,10338,32,0.3071161353194817,136.0,2127,0.4682106295908852,1.378774382608526
138,2179,1342.8736842105263,1134.957894736842,0,2179,0.0,0.0,1.0,0.0,13009,1,,0.0,0,0.0,0.0
139,2179,341.3708609271523,1145.3211920529802,0,2179,235.5068374823084,11.067044486669491,,958.1543438104844,4202,104,0.2457921722148867,138.0,2210,8.78202843984269,-6.734645510471637
140,2179,144.12612612612614,1095.352852852853,0,2179,72.20861267659298,5.460719280534503,,167.21112303451517,11530,21,0.4318409646808479,139.0,2117,-5.451193461502726,-0.3224048791057612
141,2179,898.5316804407713,1075.9559228650137,0,2179,69.45443533885992,1.17587482493289,,226.311992088388,10609,33,0.3068968404985535,140.0,2160,0.7016311796875243,0.9436075940777756
142,2179,1553.286111111111,1058.7666666666669,0,2179,89.3200850870587,6.235789048214869,,497.0920538091094,7150,74,0.1796851999596817,141.0,2166,-4.4207161981260015,-4.397991967871576
143,2179,1934.7773279352227,1074.089068825911,0,2179,50.12732408721459,9.52281558032738,,546.6278586800445,6561,82,0.0917028345541302,142.0,2203,9.461290199373709,-1.080742494843662
144,2179,835.9142857142857,1027.4095238095238,0,2179,21.467668260540364,8.50691565993653,,697.8911764729197,6481,84,0.0307607675583979,143.0,2117,0.2046082949308356,-8.504454685099972
145,2179,1302.586690017513,1050.737302977233,0,2179,61.84834000267113,8.959127744298454,19.0,176.10168102897651,12131,19,0.3512081181808499,144.0,2203,-7.062164944318965,5.512875496316838
