ImageNumber,ObjectNumber,Location_Center_X,Location_Center_Y,Location_Center_Z,Number_Object_Number,TrackObjects_Displacement_50,TrackObjects_DistanceTraveled_50,TrackObjects_FinalAge_50,TrackObjects_IntegratedDistance_50,TrackObjects_Label_50,TrackObjects_Lifetime_50,TrackObjects_Linearity_50,TrackObjects_ParentImageNumber_50,TrackObjects_ParentObjectNumber_50,TrackObjects_TrajectoryX_50,TrackObjects_TrajectoryY_50
142,2296,340.0690909090909,1137.9927272727273,0,2296,228.08351326404625,6.192636780867491,,971.8951523418392,4202,107,0.2346791345902543,141.0,2262,2.178600995546219,5.796761854859824
144,2296,438.9411764705882,1105.9495798319329,0,2296,44.32978739299543,5.45483543475418,,114.77528080893538,12137,18,0.386231138626361,143.0,2218,1.2732660228270447,-5.30415151135071
145,2296,442.3255813953488,1145.4883720930231,0,2296,43.81847758650722,2.6009391298476,22.0,115.14062283464102,11892,22,0.3805648823824502,144.0,2355,-1.6885600187926002,-1.978294573643552
