ImageNumber,ObjectNumber,Location_Center_X,Location_Center_Y,Location_Center_Z,Number_Object_Number,TrackObjects_Displacement_50,TrackObjects_DistanceTraveled_50,TrackObjects_FinalAge_50,TrackObjects_IntegratedDistance_50,TrackObjects_Label_50,TrackObjects_Lifetime_50,TrackObjects_Linearity_50,TrackObjects_ParentImageNumber_50,TrackObjects_ParentObjectNumber_50,TrackObjects_TrajectoryX_50,TrackObjects_TrajectoryY_50
140,2270,471.2765957446808,1155.5248226950357,0,2270,0.0,0.0,1.0,0.0,13173,1,,0.0,0,0.0,0.0
141,2270,1712.800539083558,1142.2695417789755,0,2270,16.76107629264492,12.89981426787714,,95.35574650148116,12777,7,0.1757741605261783,140.0,2253,-12.89653298851431,0.2909381753720481
142,2270,1931.1818181818185,1119.5218855218857,0,2270,18.370467529915526,11.513417188570129,,52.09698704265547,12926,6,0.3526205366708507,141.0,2248,9.098206141684386,-7.055594968638616
143,2270,242.6848484848485,1146.7969696969697,0,2270,85.95040419568623,6.7249027527523095,,185.85374668130447,11623,23,0.4624625853955529,142.0,2309,-6.031060606060606,2.974999999999909
144,2270,2001.3238095238096,1084.5428571428572,0,2270,3.7449294896015055,3.499458182571976,4.0,15.264320413535964,13261,4,0.2453387630857518,143.0,2198,0.5425595238095866,-3.4571428571427987
145,2270,1904.0421686746988,1124.9859437751004,0,2270,37.10501571890664,10.25972369976354,9.0,82.28920220252708,12926,9,0.4509098973591356,144.0,2326,6.0383950897930845,-8.294559369553781
