ImageNumber,ObjectNumber,Location_Center_X,Location_Center_Y,Location_Center_Z,Number_Object_Number,TrackObjects_Displacement_50,TrackObjects_DistanceTraveled_50,TrackObjects_FinalAge_50,TrackObjects_IntegratedDistance_50,TrackObjects_Label_50,TrackObjects_Lifetime_50,TrackObjects_Linearity_50,TrackObjects_ParentImageNumber_50,TrackObjects_ParentObjectNumber_50,TrackObjects_TrajectoryX_50,TrackObjects_TrajectoryY_50
137,2188,452.87203791469193,1148.1516587677725,0,2188,52.48566728181925,4.243268625185148,,80.89829022181499,11892,14,0.6487858660289212,136.0,2135,4.218787140698112,-0.4551523777383863
138,2188,1769.0544041450778,1144.1062176165804,0,2188,64.62982328675093,9.761486559734804,,211.9562353579415,11038,25,0.3049206039048919,137.0,2177,-7.669134559503618,-6.039122035868331
139,2188,1363.2039045553145,1138.2364425162689,0,2188,6.819733041173991,3.9583438920884455,,18.738290341928145,12780,5,0.3639463855416091,138.0,2198,1.7432303980110646,-3.553819656015776
140,2188,1753.480686695279,1096.74678111588,0,2188,5.495893978431261,5.495893978431261,,5.495893978431261,13059,2,1.0,139.0,2110,-5.317478442335641,1.3889829507422746
141,2188,2012.0553505535056,1081.4354243542437,0,2188,0.0,0.0,,0.0,13260,1,,0.0,0,0.0,0.0
142,2188,185.48707753479124,1065.2942345924453,0,2188,44.40993392005597,21.310169000581304,,63.46778099407275,12609,10,0.6997240682513134,141.0,2130,-12.120484394804578,17.527611385144155
143,2188,892.2922535211268,1080.4401408450703,0,2188,68.39929051349901,3.784864899011671,,234.1217986843343,10609,35,0.2921525927866357,142.0,2210,-2.612895530363744,2.738243826100188
144,2188,1899.752447552448,1032.1524475524477,0,2188,43.83506239065603,9.73514806877366,,673.9248292135162,6561,83,0.0650444389203057,143.0,2122,3.542502801066348,9.067733003644548
145,2188,822.3763440860215,1061.478494623656,0,2188,36.572148413054,8.87272961014742,85.0,695.5143407945031,6481,85,0.0525828818587359,144.0,2236,-8.259072580645125,3.242383512544848
