ImageNumber,ObjectNumber,Location_Center_X,Location_Center_Y,Location_Center_Z,Number_Object_Number,TrackObjects_Displacement_50,TrackObjects_DistanceTraveled_50,TrackObjects_FinalAge_50,TrackObjects_IntegratedDistance_50,TrackObjects_Label_50,TrackObjects_Lifetime_50,TrackObjects_Linearity_50,TrackObjects_ParentImageNumber_50,TrackObjects_ParentObjectNumber_50,TrackObjects_TrajectoryX_50,TrackObjects_TrajectoryY_50
137,2167,48.17427385892116,1141.4439834024895,0,2167,11.78686315192797,11.78686315192797,,11.78686315192797,12854,2,1.0,136.0,2145,3.427438415883188,-11.277535584852105
138,2167,292.9516129032258,1126.7956989247311,0,2167,138.70838893748194,8.961393253271122,,195.03864026961736,11623,18,0.7111841466169696,137.0,2152,8.159946236559108,-3.7043010752688583
139,2167,1907.378048780488,1132.378048780488,0,2167,42.903112595053024,1.6874392952546158,16.0,157.54378715962716,11896,16,0.2723250048037918,138.0,2186,1.5274740678441958,0.7171292402579184
140,2167,1912.512367491166,1085.893992932862,0,2167,68.40254735536408,6.322827595836324,,530.5921433103871,6561,79,0.1289173769679243,139.0,2087,-2.138008448683649,5.950383910305845
141,2167,1159.22366710013,1061.9778933680104,0,2167,182.7674255109075,4.096606327895826,,391.50012623539527,10423,35,0.4668387396662443,140.0,2145,2.830434894762448,2.961557312001105
142,2167,1423.456818181818,1048.840909090909,0,2167,22.7316283016142,5.822519729189043,,59.68122894103075,12528,11,0.3808840519030639,141.0,2144,-5.337467532467599,2.3266233766232745
143,2167,1106.343347639485,1065.978540772532,0,2167,233.31372562814232,39.81702722105482,,444.8088525193195,10423,37,0.5245258144182477,142.0,2189,-39.45613822169753,5.348720721118298
144,2167,185.23249299719888,1011.6694677871149,0,2167,155.192746777806,9.159285947871204,,589.0481576079246,5417,96,0.263463597625075,143.0,2080,6.054064235547742,6.873196149298565
145,2167,923.0438095238096,1055.6380952380953,0,2167,64.27037266886099,9.09071565745791,6.0,70.45762460695757,13160,6,0.912184778118597,144.0,2215,-8.940609739646561,1.6451773910698648
