ImageNumber,ObjectNumber,Location_Center_X,Location_Center_Y,Location_Center_Z,Number_Object_Number,TrackObjects_Displacement_50,TrackObjects_DistanceTraveled_50,TrackObjects_FinalAge_50,TrackObjects_IntegratedDistance_50,TrackObjects_Label_50,TrackObjects_Lifetime_50,TrackObjects_Linearity_50,TrackObjects_ParentImageNumber_50,TrackObjects_ParentObjectNumber_50,TrackObjects_TrajectoryX_50,TrackObjects_TrajectoryY_50
137,2190,619.2519685039371,1150.7795275590552,0,2190,28.79837512384337,7.026274457173927,,33.36650590755676,12441,7,0.8630923238900239,136.0,2131,-6.557555305586789,2.5232917313908274
138,2190,1243.703448275862,1140.441379310345,0,2190,21.357266556028605,21.357266556028605,,21.357266556028605,12931,2,1.0,137.0,2194,-16.53419878296154,-13.518620689655108
139,2190,1688.2972972972973,1150.2162162162165,0,2190,11.03720373749071,17.267518220374054,,43.94551379965331,12781,5,0.2511565523572917,138.0,2175,-9.167998332522757,14.632668658375678
140,2190,1373.949843260188,1096.1974921630094,0,2190,0.0,0.0,,0.0,13168,1,,0.0,0,0.0,0.0
141,2190,315.531914893617,1077.3191489361702,0,2190,18.7323512599868,18.7323512599868,2.0,18.7323512599868,13167,2,1.0,140.0,2174,18.42426616840453,-3.383400638900639
142,2190,1417.4595588235295,1066.1764705882354,0,2190,19.010474044399967,17.207608259199255,,73.43725382631987,12528,11,0.2588668973020152,141.0,2194,6.472716718266383,-15.943830163644408
143,2190,36.72937293729373,1078.907590759076,0,2190,136.83780280647483,9.981808648290636,,415.7103751742178,9569,47,0.3291661959341962,142.0,2217,4.416658160661427,-8.95151577013371
144,2190,1551.6873278236917,1034.8898071625345,0,2190,91.01574859921143,4.7656839280045045,,501.9800982083929,7150,76,0.1813134602826963,143.0,2123,2.173747576777941,-4.241057034996402
145,2190,885.759420289855,1067.286956521739,0,2190,83.04692849717605,9.893493015804257,37.0,260.0107975789076,10609,37,0.3193979991233754,144.0,2232,-4.262318840579724,8.928260869565065
