ImageNumber,ObjectNumber,Location_Center_X,Location_Center_Y,Location_Center_Z,Number_Object_Number,TrackObjects_Displacement_50,TrackObjects_DistanceTraveled_50,TrackObjects_FinalAge_50,TrackObjects_IntegratedDistance_50,TrackObjects_Label_50,TrackObjects_Lifetime_50,TrackObjects_Linearity_50,TrackObjects_ParentImageNumber_50,TrackObjects_ParentObjectNumber_50,TrackObjects_TrajectoryX_50,TrackObjects_TrajectoryY_50
140,2216,682.3614457831326,1123.2469879518071,0,2216,0.0,0.0,,0.0,13172,1,,0.0,0,0.0,0.0
141,2216,1718.8090185676392,1096.5145888594163,0,2216,53.72105889137907,6.100267621959167,,70.60870494771842,12781,7,0.7608277043341376,140.0,2178,-4.201523601035433,4.422721389536719
142,2216,2016.6144578313251,1082.5481927710844,0,2216,4.69294286351189,4.69294286351189,2.0,4.69294286351189,13260,2,1.0,141.0,2188,4.559107277819749,1.1127684168407086
143,2216,411.0994318181818,1107.7329545454545,0,2216,50.75036752775764,1.9012089851420677,,81.98838241572193,12362,14,0.6189946189013463,142.0,2248,-1.5598602172163964,1.0869368463395404
144,2216,1356.9205298013244,1050.3973509933776,0,2216,18.423541406639373,20.780352767169767,,24.69684758094336,13354,3,0.74598757376854,143.0,2140,20.730053610848245,1.4449700409966226
145,2216,1737.6565272496832,1087.296577946768,0,2216,70.74702393704649,14.9889640123176,11.0,132.5777965050976,12781,11,0.5336264880094479,144.0,2258,14.37205700294885,4.2559393400918
