ImageNumber,ObjectNumber,Location_Center_X,Location_Center_Y,Location_Center_Z,Number_Object_Number,TrackObjects_Displacement_50,TrackObjects_DistanceTraveled_50,TrackObjects_FinalAge_50,TrackObjects_IntegratedDistance_50,TrackObjects_Label_50,TrackObjects_Lifetime_50,TrackObjects_Linearity_50,TrackObjects_ParentImageNumber_50,TrackObjects_ParentObjectNumber_50,TrackObjects_TrajectoryX_50,TrackObjects_TrajectoryY_50
140,2220,665.2679738562091,1119.2320261437908,0,2220,56.58573670934236,13.4227800116591,,76.44078854155495,12534,9,0.7402557952235286,139.0,2150,12.577064765299951,-4.689185977421403
141,2220,1701.4610778443114,1099.317365269461,0,2220,47.06429677156369,7.118492733349379,,62.27164619544283,12781,7,0.7557901492414368,140.0,2209,0.0540235068472156,-7.118287733398802
142,2220,1217.503916449086,1084.6318537859008,0,2220,120.69122212160714,8.617848405607223,,326.70017855550293,10423,36,0.3694250265036294,141.0,2193,3.561608756778469,-7.847436154927664
143,2220,1884.015037593985,1112.7218045112782,0,2220,34.515318188408614,1.974103740964686,,55.10685477672735,12851,8,0.6263343884939896,142.0,2258,-1.9365753092408795,0.3830948338588769
144,2220,1862.2014388489208,1049.046762589928,0,2220,84.34713291179281,8.10130532711593,,740.8778798001787,6561,83,0.1138475519535581,143.0,2164,1.904191142498803,-7.87433832750321
145,2220,628.8008658008658,1093.2034632034631,0,2220,4.595462199819537,2.0755421436931645,4.0,10.012441252069816,13355,4,0.4589751973695269,144.0,2275,0.8963714188433869,1.872002529305746
