ImageNumber,ObjectNumber,Location_Center_X,Location_Center_Y,Location_Center_Z,Number_Object_Number,TrackObjects_Displacement_50,TrackObjects_DistanceTraveled_50,TrackObjects_FinalAge_50,TrackObjects_IntegratedDistance_50,TrackObjects_Label_50,TrackObjects_Lifetime_50,TrackObjects_Linearity_50,TrackObjects_ParentImageNumber_50,TrackObjects_ParentObjectNumber_50,TrackObjects_TrajectoryX_50,TrackObjects_TrajectoryY_50
140,2257,1331.607142857143,1139.674107142857,0,2257,28.63530171158256,7.76662201019792,,264.9942447858201,10423,34,0.1080600891341125,139.0,2156,-7.427499175189723,2.269950098977233
141,2257,450.108870967742,1125.020161290323,0,2257,36.1788594427348,6.1191948993332055,,99.62423204831585,11892,18,0.363153207797765,140.0,2229,-0.7515941485370945,-6.072861965491256
142,2257,1238.0452488687783,1112.1447963800906,0,2257,97.17800905696886,0.5057192525253168,,369.5890188611023,10423,36,0.2629353257205132,141.0,2236,0.2733190442170325,0.4254981344765838
143,2257,1458.1508704061896,1131.8375241779495,0,2257,4.061619012967479,5.7253937662901935,,60.01146948211331,12779,9,0.0676807125040999,142.0,2285,-1.2512348569682672,5.58699786216016
144,2257,817.0847880299252,1079.224438902743,0,2257,53.52403373884483,1.0206610241984808,,673.8726476076034,6481,84,0.07942752080659,143.0,2187,-0.1959137244607518,-1.0016819549566662
145,2257,1909.5164835164835,1100.7613814756671,0,2257,3.0466791004572835,4.919234164162238,6.0,22.40956296223206,13170,6,0.135954418459298,144.0,2293,-4.032234432234418,2.817791732077467
