ImageNumber,ObjectNumber,Location_Center_X,Location_Center_Y,Location_Center_Z,Number_Object_Number,TrackObjects_Displacement_50,TrackObjects_DistanceTraveled_50,TrackObjects_FinalAge_50,TrackObjects_IntegratedDistance_50,TrackObjects_Label_50,TrackObjects_Lifetime_50,TrackObjects_Linearity_50,TrackObjects_ParentImageNumber_50,TrackObjects_ParentObjectNumber_50,TrackObjects_TrajectoryX_50,TrackObjects_TrajectoryY_50
138,2205,449.956043956044,1150.7472527472528,0,2205,52.58089578403768,3.9038607650870336,,84.80215098690202,11892,15,0.6200420056816599,137.0,2188,-2.9159939586479595,2.595593979480327
140,2205,1960.0153846153848,1109.576923076923,0,2205,86.64628815503552,8.579660193830867,,593.7273650406809,6561,79,0.145936153960326,139.0,2126,-3.8459292532286327,7.669380497847669
141,2205,32.34006734006734,1090.2121212121212,0,2205,148.93765192487982,11.49355354542788,,403.3753928687731,9569,45,0.369228402520162,140.0,2152,3.988638768638772,10.779264069264173
142,2205,1395.3133971291866,1071.5382775119615,0,2205,17.264958381201257,18.9112689491812,,75.14091451630182,12528,11,0.2297677436099826,141.0,2194,-15.673444976076553,-10.582023239918044
143,2205,560.983922829582,1095.4935691318328,0,2205,23.74847269108827,3.6248741449948967,,38.0152852342129,12925,7,0.62470852302629,142.0,2239,3.535809622034776,0.79860057837368
144,2205,157.05917159763314,1045.8816568047337,0,2205,112.2059160227997,8.098023853481193,,638.0737051475276,5417,96,0.1758510264842473,143.0,2145,-7.589180050718511,-2.825302902225985
145,2205,892.9878048780488,1080.9329268292684,0,2205,100.48999476525506,30.19629821257469,6.0,104.23854270341322,13160,6,0.9640387534117416,144.0,2245,-27.803769401330328,11.779933481152966
