ImageNumber,ObjectNumber,Location_Center_X,Location_Center_Y,Location_Center_Z,Number_Object_Number,TrackObjects_Displacement_50,TrackObjects_DistanceTraveled_50,TrackObjects_FinalAge_50,TrackObjects_IntegratedDistance_50,TrackObjects_Label_50,TrackObjects_Lifetime_50,TrackObjects_Linearity_50,TrackObjects_ParentImageNumber_50,TrackObjects_ParentObjectNumber_50,TrackObjects_TrajectoryX_50,TrackObjects_TrajectoryY_50
137,2193,873.8306451612904,1151.9274193548388,0,2193,0.0,0.0,,0.0,12930,1,,0.0,0,0.0,0.0
138,2193,591.9034090909091,1132.3664772727273,0,2193,20.593534717431723,5.359311480589561,,57.83809571271474,12534,7,0.3560548538755673,137.0,2139,2.184659090909122,4.893821022727252
139,2193,1376.6416666666669,1149.9166666666667,0,2193,0.0,0.0,1.0,0.0,13063,1,,0.0,0,0.0,0.0
140,2193,1357.1968503937007,1099.5748031496064,0,2193,0.0,0.0,,0.0,13169,1,,0.0,0,0.0,0.0
141,2193,1213.9423076923076,1092.4792899408285,0,2193,122.72370155346869,3.903966133272111,,318.0823301498957,10423,35,0.3858237000956179,140.0,2171,0.7110576923075769,3.838664940828494
142,2193,1840.5816326530608,1061.6408163265305,0,2193,108.84142137585695,23.81104547364341,,712.5039034483755,6561,81,0.1527590527561833,141.0,2139,16.30995635248314,17.34794542094278
143,2193,845.3850364963504,1084.7536496350365,0,2193,66.5826128172939,1.5405620049930315,,656.8039011214988,6481,83,0.1013736561302444,142.0,2223,0.1555747399764868,1.53268646223205
144,2193,1079.2447129909365,1037.3262839879153,0,2193,110.9863620135482,31.66599749447273,,796.3480327378899,2616,126,0.1393691670612543,143.0,2157,23.565700645257493,-21.15167015670545
145,2193,1018.125,1065.621212121212,0,2193,87.03030929663802,22.618741084499536,51.0,439.6882700926205,9430,51,0.197936390885081,144.0,2254,-17.66484238178623,-14.126598736931555
