ImageNumber,ObjectNumber,Location_Center_X,Location_Center_Y,Location_Center_Z,Number_Object_Number,TrackObjects_Displacement_50,TrackObjects_DistanceTraveled_50,TrackObjects_FinalAge_50,TrackObjects_IntegratedDistance_50,TrackObjects_Label_50,TrackObjects_Lifetime_50,TrackObjects_Linearity_50,TrackObjects_ParentImageNumber_50,TrackObjects_ParentObjectNumber_50,TrackObjects_TrajectoryX_50,TrackObjects_TrajectoryY_50
137,2187,417.94014598540144,1151.1401459854014,0,2187,41.74631351266588,20.87906012508248,,97.58633841108744,11892,14,0.4277885018782793,136.0,2125,-19.741672196416744,6.797170778789905
138,2187,442.63128491620114,1141.4804469273745,0,2187,40.76886467806943,5.0017712298019,,82.80656688034355,11892,15,0.4923385452868841,137.0,2173,4.665767674821836,-1.80231169331546
139,2187,485.38271604938274,1148.5061728395062,0,2187,0.0,0.0,1.0,0.0,13061,1,,0.0,0,0.0,0.0
140,2187,289.15503875968994,1094.5426356589148,0,2187,38.87031526386535,12.770805743080404,,90.73196047107668,12136,14,0.4284081933428115,139.0,2122,7.504405848297551,-10.33331370817382
141,2187,583.32,1076.8,0,2187,52.54356969578187,29.82949518017133,,56.21090763971246,12925,5,0.934757539098343,140.0,2186,23.388119891008277,-18.51471389645781
142,2187,1966.0,1060.15503875969,0,2187,42.35435049409889,8.810288064291855,,467.0749113767152,6561,81,0.0906799947127504,141.0,2151,4.766949152542338,7.409276047825415
143,2187,817.280701754386,1080.2261208576997,0,2187,54.53418024428549,5.709494721851484,,672.8519865834049,6481,83,0.0810492966234641,142.0,2209,-3.7160567545281538,-4.334657100160939
144,2187,205.90697674418604,1031.8372093023256,0,2187,0.0,0.0,,0.0,13548,1,,0.0,0,0.0,0.0
145,2187,1900.160136286201,1067.475298126065,0,2187,60.54398121831552,7.580440486127966,84.0,566.5277355312002,6561,84,0.1068685210293313,144.0,2237,-6.9395078419127,3.050624341960201
