ImageNumber,ObjectNumber,Location_Center_X,Location_Center_Y,Location_Center_Z,Number_Object_Number,TrackObjects_Displacement_50,TrackObjects_DistanceTraveled_50,TrackObjects_FinalAge_50,TrackObjects_IntegratedDistance_50,TrackObjects_Label_50,TrackObjects_Lifetime_50,TrackObjects_Linearity_50,TrackObjects_ParentImageNumber_50,TrackObjects_ParentObjectNumber_50,TrackObjects_TrajectoryX_50,TrackObjects_TrajectoryY_50
137,2194,1260.2376470588235,1153.96,0,2194,0.0,0.0,,0.0,12931,1,,0.0,0,0.0,0.0
138,2194,1104.5405405405406,1145.072972972973,0,2194,36.19552193438273,7.076012618005248,,362.50034616829566,9430,44,0.0998496203299581,137.0,2184,6.400875736071384,-3.0164125018873165
139,2194,872.6347150259068,1151.19689119171,0,2194,1.4013994026839895,1.4139317296491158,,4.175073125556054,12930,3,0.3356586484930956,138.0,2211,0.8323198163259349,1.1429989761411434
140,2194,1814.510843373494,1098.9831325301204,0,2194,101.97959761286148,9.9085893955358,,462.7161537529976,9726,42,0.2203934243179657,139.0,2114,6.812148237076372,7.195469422172664
141,2194,1410.9868421052631,1082.1203007518798,0,2194,28.178042871629785,4.789696689852943,,56.22964556712061,12528,10,0.5011243195192119,140.0,2168,-0.5548245614036205,4.757453529657596
142,2194,1986.5220779220776,1067.3428571428572,0,2194,61.0245079122072,5.395621280573854,,635.1970672934191,6561,81,0.0960717721387367,141.0,2171,1.4939277880296231,5.184680199157356
143,2194,1216.9598308668076,1087.5010570824525,0,2194,120.62399230024536,2.9203350283462512,,329.6205135838492,10423,37,0.3659480746169061,142.0,2220,-0.5440855822785124,2.869203296551632
144,2194,1421.3809523809523,1036.9238095238095,0,2194,66.19813970785783,9.192692453955171,19.0,190.3410292254479,12046,19,0.3477870219428622,143.0,2113,-7.7868328539470895,4.885778203899008
145,2194,926.2160120845922,1066.7552870090635,0,2194,64.37175462184518,5.930726868686024,6.0,79.97297135952455,13160,6,0.804918881061166,144.0,2245,5.424437805213074,-2.397706339051865
