ImageNumber,ObjectNumber,Location_Center_X,Location_Center_Y,Location_Center_Z,Number_Object_Number,TrackObjects_Displacement_50,TrackObjects_DistanceTraveled_50,TrackObjects_FinalAge_50,TrackObjects_IntegratedDistance_50,TrackObjects_Label_50,TrackObjects_Lifetime_50,TrackObjects_Linearity_50,TrackObjects_ParentImageNumber_50,TrackObjects_ParentObjectNumber_50,TrackObjects_TrajectoryX_50,TrackObjects_TrajectoryY_50
140,2227,1896.6666666666667,1126.6888888888889,0,2227,9.376314620672517,6.232775060156933,,13.962825155470505,13007,3,0.6715198762622164,139.0,2157,3.9636363636363967,4.81010101010088
141,2227,1924.3693181818185,1103.3806818181818,0,2227,80.90971773638823,10.4850157479723,,598.5330060239538,6561,80,0.1351800434095862,140.0,2219,-3.5504579375847243,-9.865586838534682
142,2227,343.0639534883721,1091.7703488372092,0,2227,182.56384251346657,2.954241963605217,,921.7562655657252,4202,107,0.1980608641715264,141.0,2208,-2.4815010570824825,-1.6030277861673312
143,2227,602.5906432748538,1114.7602339181287,0,2227,24.7354141548934,5.632271849860012,,91.44793044896493,12534,12,0.2704863197390529,142.0,2254,3.0005811630526296,4.766445098252916
144,2227,1961.21107266436,1057.7335640138408,0,2227,37.81207362105378,6.599772187168818,,585.8794764162667,6561,83,0.0645389967444231,143.0,2144,5.677288880576043,3.365320770597464
145,2227,1719.4827586206898,1095.0229885057472,0,2227,55.356561850242194,9.670610039019266,11.0,143.0584198766334,12781,11,0.3869507429061428,144.0,2292,-9.091471071187016,-3.296339225345264
