ImageNumber,ObjectNumber,Location_Center_X,Location_Center_Y,Location_Center_Z,Number_Object_Number,TrackObjects_Displacement_50,TrackObjects_DistanceTraveled_50,TrackObjects_FinalAge_50,TrackObjects_IntegratedDistance_50,TrackObjects_Label_50,TrackObjects_Lifetime_50,TrackObjects_Linearity_50,TrackObjects_ParentImageNumber_50,TrackObjects_ParentObjectNumber_50,TrackObjects_TrajectoryX_50,TrackObjects_TrajectoryY_50
141,2275,660.4285714285714,1132.5142857142855,0,2275,48.91817918034575,14.136415215839897,,90.57720375739484,12534,10,0.5400716422133092,140.0,2220,-4.839402427637651,13.282259570494944
142,2275,1892.778409090909,1124.4772727272727,0,2275,9.353452238523673,1.0869403800904536,,18.45273438213564,13007,5,0.5068870577565395,141.0,2252,-0.8520256916997369,-0.6749011857707501
143,2275,1498.3312302839115,1151.5552050473186,0,2275,85.05059079663778,6.543016714644629,,307.414087483658,10338,38,0.2766645845439956,142.0,2308,-4.514514396939376,4.7360561111484
144,2275,627.9044943820224,1091.3314606741574,0,2275,5.391988863682078,5.124392471530448,,7.936899108376652,13355,3,0.679357112904628,143.0,2204,0.0269433616142578,-5.124321638767697
145,2275,1647.3252032520325,1129.8048780487804,0,2275,9.94662296178401,9.94662296178401,2.0,9.94662296178401,13558,2,1.0,144.0,2328,-8.783368176538943,4.667735191637576
