ImageNumber,ObjectNumber,Location_Center_X,Location_Center_Y,Location_Center_Z,Number_Object_Number,TrackObjects_Displacement_50,TrackObjects_DistanceTraveled_50,TrackObjects_FinalAge_50,TrackObjects_IntegratedDistance_50,TrackObjects_Label_50,TrackObjects_Lifetime_50,TrackObjects_Linearity_50,TrackObjects_ParentImageNumber_50,TrackObjects_ParentObjectNumber_50,TrackObjects_TrajectoryX_50,TrackObjects_TrajectoryY_50
140,2266,1750.6434108527133,1151.031007751938,0,2266,72.0119836073856,26.74319580918409,,247.8358988353274,11038,27,0.2905631667801015,139.0,2177,-26.59047031037153,2.8540166014954598
141,2266,294.4342105263158,1133.6907894736842,0,2266,138.9436643995218,6.395630962113655,,205.0252798344825,11623,21,0.6776904024308195,140.0,2245,-6.171628889742635,-1.6778236650020515
142,2266,1942.7961165048544,1110.401941747573,0,2266,85.77169489774693,4.24644159066197,,589.5301118801598,6561,81,0.1454916265840932,141.0,2242,-3.146591828478904,-2.85153047464928
143,2266,1774.2596153846157,1138.826923076923,0,2266,60.24592564100397,26.85131554285193,,294.877069448907,11038,30,0.2043086149546894,142.0,2299,-26.70804630692692,-2.7700918484499653
144,2266,346.23719676549865,1085.202156334232,0,2266,176.5643030083247,9.115926329751158,,932.7137679354688,4202,109,0.1893017012058736,143.0,2200,4.237196765498652,-8.071324328751643
145,2266,1266.5394402035624,1112.58524173028,0,2266,37.55368436299342,11.4495356331178,13.0,106.78435629005538,12616,13,0.3516777706744552,144.0,2336,6.934177045667639,-9.1109305185239
