ImageNumber,ObjectNumber,Location_Center_X,Location_Center_Y,Location_Center_Z,Number_Object_Number,TrackObjects_Displacement_50,TrackObjects_DistanceTraveled_50,TrackObjects_FinalAge_50,TrackObjects_IntegratedDistance_50,TrackObjects_Label_50,TrackObjects_Lifetime_50,TrackObjects_Linearity_50,TrackObjects_ParentImageNumber_50,TrackObjects_ParentObjectNumber_50,TrackObjects_TrajectoryX_50,TrackObjects_TrajectoryY_50
140,2249,1114.5826446280992,1131.3801652892562,0,2249,45.25998966153731,14.23407285029775,,379.6669065890917,9430,46,0.1192097306245381,139.0,2178,9.158029243483725,-10.896757787666957
141,2249,310.0413223140496,1126.01652892562,0,2249,155.62539041178104,13.28494699449597,,211.9145958668648,11623,21,0.7343778741392244,140.0,2245,9.435482897991164,-9.352084213066291
142,2249,1701.396110542477,1107.1187308085978,0,2249,39.27539147138207,7.852789745209097,,71.40251682416945,12781,8,0.5500561215243819,141.0,2235,5.0112365928971485,-6.045975073755244
143,2249,1898.411971830986,1137.362676056338,0,2249,41.12050069004355,3.94274529548736,,51.29532081007878,12926,7,0.8016423338552154,142.0,2298,-3.94225160225642,-0.0623920635530339
144,2249,1926.8402366863904,1070.171597633136,0,2249,48.30237358607509,8.851214495113728,,555.4790731751582,6561,83,0.0869562435718329,143.0,2179,-7.937091248832303,-3.917471192774883
145,2249,405.2032520325203,1112.8699186991869,0,2249,43.27808231526621,2.80764983408253,16.0,90.45364338777956,12362,16,0.4784559327226961,144.0,2298,-2.7764776972094296,0.4172159964841739
