ImageNumber,ObjectNumber,Location_Center_X,Location_Center_Y,Location_Center_Z,Number_Object_Number,TrackObjects_Displacement_50,TrackObjects_DistanceTraveled_50,TrackObjects_FinalAge_50,TrackObjects_IntegratedDistance_50,TrackObjects_Label_50,TrackObjects_Lifetime_50,TrackObjects_Linearity_50,TrackObjects_ParentImageNumber_50,TrackObjects_ParentObjectNumber_50,TrackObjects_TrajectoryX_50,TrackObjects_TrajectoryY_50
140,2241,321.2910891089109,1138.2,0,2241,227.1573237596996,2.134153717239385,,956.569638841376,4202,105,0.2374707648413752,139.0,2170,-0.015501148968724,2.134097421203478
141,2241,1136.576612903226,1120.399193548387,0,2241,68.78887991332628,16.544557356357096,,404.3826604012096,9430,47,0.1701083816132896,140.0,2235,10.78081710743004,-12.549755400561937
142,2241,1894.6049382716049,1097.3086419753083,0,2241,0.0,0.0,1.0,0.0,13356,1,,0.0,0,0.0,0.0
143,2241,629.2372881355932,1125.0,0,2241,21.594291077809096,3.52122441548984,,71.66322886729698,12534,12,0.301330144051931,142.0,2269,2.608255877528677,2.365591397849357
144,2241,1038.340611353712,1067.8689956331878,0,2241,67.06370156343257,6.385242439595479,,789.393975688045,2616,126,0.0849559328153968,143.0,2156,1.722429535530182,6.148541087733292
145,2241,1657.445366528354,1103.0968188105116,0,2241,59.67442724187529,14.879598019333388,11.0,151.65539396698398,12781,11,0.3934870081499816,144.0,2286,-13.859472181323326,5.414560745995459
