ImageNumber,ObjectNumber,Location_Center_X,Location_Center_Y,Location_Center_Z,Number_Object_Number,TrackObjects_Displacement_50,TrackObjects_DistanceTraveled_50,TrackObjects_FinalAge_50,TrackObjects_IntegratedDistance_50,TrackObjects_Label_50,TrackObjects_Lifetime_50,TrackObjects_Linearity_50,TrackObjects_ParentImageNumber_50,TrackObjects_ParentObjectNumber_50,TrackObjects_TrajectoryX_50,TrackObjects_TrajectoryY_50
140,2267,243.87265917603,1155.1610486891386,0,2267,86.75838147890912,8.250530259037207,,172.48282861237618,11623,20,0.5029972095012589,139.0,2182,2.612294333575562,7.826056981012698
141,2267,1874.4496855345917,1132.25786163522,0,2267,19.5934643479062,9.52660981436122,,44.03886483220863,12851,6,0.4449130199554135,140.0,2244,-9.198333113427452,2.479306856665289
142,2267,412.8571428571428,1119.6165413533834,0,2267,42.51391113091809,3.014220569217942,,67.01287063173429,12362,13,0.6344141167232047,141.0,2250,2.517273576097068,-1.657968450538192
143,2267,352.3684210526316,1142.3026315789473,0,2267,233.91581648875533,13.032605154326651,,984.9277574961658,4202,108,0.237495404823806,142.0,2296,12.299330143540658,4.309904306220005
144,2267,1476.6223776223776,1085.3216783216783,0,2267,29.06286785625109,8.630752722637807,,432.1446453237511,7150,76,0.0672526390659728,143.0,2206,-0.7283686462790229,-8.599963469366458
145,2267,411.6875,1118.6171875,0,2267,42.44964824269257,4.172596255626596,16.0,77.84045242004902,12362,16,0.5453417461350597,144.0,2314,-3.741071428571445,1.8479567307692832
