ImageNumber,ObjectNumber,Location_Center_X,Location_Center_Y,Location_Center_Z,Number_Object_Number,TrackObjects_Displacement_50,TrackObjects_DistanceTraveled_50,TrackObjects_FinalAge_50,TrackObjects_IntegratedDistance_50,TrackObjects_Label_50,TrackObjects_Lifetime_50,TrackObjects_Linearity_50,TrackObjects_ParentImageNumber_50,TrackObjects_ParentObjectNumber_50,TrackObjects_TrajectoryX_50,TrackObjects_TrajectoryY_50
137,2175,416.78225806451616,1139.524193548387,0,2175,13.679317158683643,5.006736883833441,,67.63185274425653,12137,11,0.2022614582275409,136.0,2115,2.252846299810301,4.471252371916535
138,2175,1697.46529562982,1135.5835475578406,0,2175,10.7734458012478,7.923335495226496,,26.67799557927925,12781,4,0.4038326556143338,137.0,2155,6.430255198553141,4.629369660266548
139,2175,466.4787234042553,1135.212765957447,0,2175,15.298258052464432,7.165081171937247,,40.59853851147383,12442,9,0.3768179499402641,138.0,2192,-6.453341813135978,-3.1133209990748583
140,2175,536.5324232081912,1086.566552901024,0,2175,54.50831926267671,11.11465207769887,,87.34914076615425,12695,7,0.624028110460789,139.0,2094,-8.214278638774545,7.487397228200734
141,2175,1064.3979591836735,1073.295918367347,0,2175,72.6208968253346,2.6370218296728143,,752.0324793383801,2616,123,0.096566170771274,140.0,2158,0.456483356701483,-2.5972114036453604
142,2175,192.9621212121212,1053.9545454545455,0,2175,30.88650667779443,7.737603065388722,,49.89521505888017,12609,10,0.6190274286090558,141.0,2130,-4.6454407174746,6.187922247244387
143,2175,1954.4832041343668,1072.3359173126614,0,2175,49.08286825252441,9.233824072072132,,578.0466628301502,6561,82,0.0849116021398892,142.0,2186,3.503377045029538,8.543410108050466
144,2175,1940.9319470699436,1016.6672967863894,0,2175,8.21168918828563,5.758515674833212,,628.6901487388647,6561,83,0.0130615840008914,143.0,2108,3.455332370611586,-4.60664530715178
145,2175,1543.3271276595744,1054.5771276595744,0,2175,79.49239422289726,5.228391446426794,77.0,516.6606449788413,7150,77,0.1538580400799691,144.0,2231,3.26957370273999,-4.079946680953071
