ImageNumber,ObjectNumber,Location_Center_X,Location_Center_Y,Location_Center_Z,Number_Object_Number,TrackObjects_Displacement_50,TrackObjects_DistanceTraveled_50,TrackObjects_FinalAge_50,TrackObjects_IntegratedDistance_50,TrackObjects_Label_50,TrackObjects_Lifetime_50,TrackObjects_Linearity_50,TrackObjects_ParentImageNumber_50,TrackObjects_ParentObjectNumber_50,TrackObjects_TrajectoryX_50,TrackObjects_TrajectoryY_50
141,2293,1813.065502183406,1156.1703056768558,0,2293,0.0,0.0,1.0,0.0,13267,1,,0.0,0,0.0,0.0
142,2293,1140.4754901960785,1132.6960784313726,0,2293,71.00228149540719,12.900179144884753,,417.2828395460944,9430,48,0.1701538495391782,141.0,2241,3.898877292852603,12.296884882985523
144,2293,1913.548717948718,1097.9435897435897,0,2293,7.135966727121241,4.222751864618247,,17.49032879806982,13170,5,0.4079950016667922,143.0,2215,1.67970836405334,-3.874301630212358
145,2293,1345.7465753424658,1140.041095890411,0,2293,5.225361875435723,5.225361875435723,2.0,5.225361875435723,13560,2,1.0,144.0,2352,2.632168562804736,-4.513988855351727
