ImageNumber,ObjectNumber,Location_Center_X,Location_Center_Y,Location_Center_Z,Number_Object_Number,TrackObjects_Displacement_50,TrackObjects_DistanceTraveled_50,TrackObjects_FinalAge_50,TrackObjects_IntegratedDistance_50,TrackObjects_Label_50,TrackObjects_Lifetime_50,TrackObjects_Linearity_50,TrackObjects_ParentImageNumber_50,TrackObjects_ParentObjectNumber_50,TrackObjects_TrajectoryX_50,TrackObjects_TrajectoryY_50
141,2281,895.0919811320755,1136.377358490566,0,2281,0.0,0.0,1.0,0.0,13264,1,,0.0,0,0.0,0.0
142,2281,418.3732876712329,1129.9315068493152,0,2281,40.47463210013616,2.644885114594396,,75.90722406128857,12362,13,0.5332118596176876,141.0,2263,-1.970938908287792,1.7637508580296526
143,2281,458.2619047619048,1152.1571428571428,0,2281,59.09188562568456,15.572463095377726,,111.404528469697,11892,20,0.5304262442236184,142.0,2315,14.02696500286862,6.7635685599541375
144,2281,1484.734693877551,1091.8537414965986,0,2281,38.733084102523954,7.668043682626543,,431.18193628373984,7150,76,0.0898300249689393,143.0,2206,7.383947608894459,-2.06790029444619
145,2281,348.1393188854489,1125.015479876161,0,2281,216.19326025435976,9.235611969053268,110.0,990.1425765969832,4202,110,0.218345585135217,144.0,2345,5.704102938605047,-7.263589891280844
