ImageNumber,ObjectNumber,Location_Center_X,Location_Center_Y,Location_Center_Z,Number_Object_Number,TrackObjects_Displacement_50,TrackObjects_DistanceTraveled_50,TrackObjects_FinalAge_50,TrackObjects_IntegratedDistance_50,TrackObjects_Label_50,TrackObjects_Lifetime_50,TrackObjects_Linearity_50,TrackObjects_ParentImageNumber_50,TrackObjects_ParentObjectNumber_50,TrackObjects_TrajectoryX_50,TrackObjects_TrajectoryY_50
137,2177,1776.7235387045814,1150.145339652449,0,2177,71.8292622114928,8.383210243533211,,202.1947487982067,11038,24,0.3552479114241461,136.0,2124,-6.444882348050214,5.361129126132937
138,2177,327.0228013029316,1139.0390879478828,0,2177,228.17743203051185,9.444431402659934,,947.9922794041146,4202,103,0.2406954539481468,137.0,2156,-8.097346571375226,-4.861096895000856
139,2177,1777.2338811630848,1148.1769911504423,0,2177,70.01596677904985,9.13646766820182,,221.0927030261433,11038,26,0.3166814907083149,138.0,2188,8.179477018006992,4.070773533862166
140,2177,547.1215277777778,1091.3958333333333,0,2177,59.97356054433479,9.579926865998868,,68.55197130552365,12695,7,0.8748626684569515,139.0,2119,9.19385482180303,-2.692216981132105
141,2177,818.5724137931035,1062.2666666666669,0,2177,36.729650556498406,5.38460994075663,,665.5673688090195,6481,81,0.0551854737443382,140.0,2138,2.104269748782144,4.956417359187526
142,2177,1035.3044982698962,1052.4636678200693,0,2177,81.65779436729511,20.118298839958403,,773.6591950275371,2616,124,0.1055475006205912,141.0,2156,-20.11404809601868,0.4135425067861433
143,2177,193.74380165289256,1071.202479338843,0,2177,45.1681281313963,10.152873935284145,,73.62065492935689,12609,11,0.6135252148291486,142.0,2188,8.256724118101317,5.908244746397713
144,2177,1952.7068607068609,1025.9272349272348,0,2177,9.855268419942066,15.918195635448187,,499.0359570578933,6561,83,0.0197486138635071,143.0,2107,-15.550523259384136,3.401496530610416
145,2177,1046.8752941176472,1052.2011764705885,0,2177,84.37617986525727,8.13493934794919,127.0,776.0966628275971,2616,127,0.1087186479553265,144.0,2223,-5.539624297271303,-5.957331687919805
