ImageNumber,ObjectNumber,Location_Center_X,Location_Center_Y,Location_Center_Z,Number_Object_Number,TrackObjects_Displacement_50,TrackObjects_DistanceTraveled_50,TrackObjects_FinalAge_50,TrackObjects_IntegratedDistance_50,TrackObjects_Label_50,TrackObjects_Lifetime_50,TrackObjects_Linearity_50,TrackObjects_ParentImageNumber_50,TrackObjects_ParentObjectNumber_50,TrackObjects_TrajectoryX_50,TrackObjects_TrajectoryY_50
138,2208,437.020202020202,1151.3737373737374,0,2208,46.30351215707907,8.146014856950524,,85.95081050749218,11892,15,0.5387210648006964,137.0,2173,-0.9453152211772816,8.090978753047693
140,2208,1223.6587030716723,1118.0477815699658,0,2208,111.76644406516878,11.288329474307256,,355.53019130753535,10423,34,0.3143655498120278,139.0,2130,-5.187450774481476,10.025803547987834
141,2208,345.54545454545456,1093.3733766233763,0,2208,184.51880827259995,2.015623006913535,,918.80202360212,4202,106,0.2008254265148466,140.0,2180,-1.898989898989896,0.6757022047718237
142,2208,806.398753894081,1081.3052959501558,0,2208,4.320887039583176,15.100663180787349,,409.4898255719624,9724,44,0.0105518788740303,141.0,2165,1.8232330607476115,14.99019178348908
143,2208,326.8957345971564,1107.0379146919431,0,2208,196.20607576169508,5.812315376619321,,942.4713888229784,4202,108,0.2081825274364353,142.0,2246,-3.812230004613525,4.387472214066975
144,2208,1817.664310954064,1048.786219081272,0,2208,127.58066309079972,2.0755760159616106,,698.5922756671554,6561,83,0.1826253560690464,143.0,2135,-1.9347813303538717,0.7514233172780678
145,2208,370.89814814814815,1080.7314814814815,0,2208,178.01933371321496,18.49068674453364,110.0,948.534166050562,4202,110,0.1876783568634528,144.0,2287,14.591819034224102,-11.357126113455251
