ImageNumber,ObjectNumber,Location_Center_X,Location_Center_Y,Location_Center_Z,Number_Object_Number,TrackObjects_Displacement_50,TrackObjects_DistanceTraveled_50,TrackObjects_FinalAge_50,TrackObjects_IntegratedDistance_50,TrackObjects_Label_50,TrackObjects_Lifetime_50,TrackObjects_Linearity_50,TrackObjects_ParentImageNumber_50,TrackObjects_ParentObjectNumber_50,TrackObjects_TrajectoryX_50,TrackObjects_TrajectoryY_50
141,2292,629.0491803278688,1156.7377049180327,0,2292,2.631503897243622,2.631503897243622,,2.631503897243622,13174,2,1.0,140.0,2271,-2.0059377823673685,-1.7032399638569586
142,2292,664.9828571428571,1131.48,0,2292,53.55944989908157,4.670253237900734,,95.24745699529558,12534,11,0.5623189488589385,141.0,2275,4.554285714285697,-1.0342857142857156
144,2292,1728.5742296918768,1098.3193277310925,0,2292,56.56226553790641,26.7345537508545,,133.38780983761413,12781,10,0.4240437383803297,143.0,2192,12.083387201034384,23.84802125978604
145,2292,245.11258278145692,1138.549668874172,0,2292,89.49908659124922,5.785665083243457,25.0,194.46848312692944,11623,25,0.4602241203929854,144.0,2351,1.879607871062689,-5.471836502171982
