ImageNumber,ObjectNumber,Location_Center_X,Location_Center_Y,Location_Center_Z,Number_Object_Number,TrackObjects_Displacement_50,TrackObjects_DistanceTraveled_50,TrackObjects_FinalAge_50,TrackObjects_IntegratedDistance_50,TrackObjects_Label_50,TrackObjects_Lifetime_50,TrackObjects_Linearity_50,TrackObjects_ParentImageNumber_50,TrackObjects_ParentObjectNumber_50,TrackObjects_TrajectoryX_50,TrackObjects_TrajectoryY_50
140,2250,1259.3097014925372,1139.4850746268658,0,2250,9.87389511600144,11.84984519946782,,72.76296499178159,12616,8,0.135699460805599,139.0,2168,-11.537416301948952,2.7031197396477182
141,2250,410.33986928104576,1121.2745098039215,0,2250,39.57883987904268,2.3730725772138253,,63.99865006251634,12362,12,0.618432417564754,140.0,2213,0.97940416476672,-2.1615367077063183
142,2250,436.0036231884058,1108.3260869565215,0,2250,40.55131409709303,2.347698896790888,,105.952812119655,12137,16,0.3827299463396731,141.0,2230,-0.8794936947110727,2.1767363071710406
143,2250,1260.4289156626503,1124.0048192771085,0,2250,25.39207177839574,12.862034185528572,,92.88364654033744,12616,11,0.2733750528126443,142.0,2288,6.203109211037599,-11.267358142246394
144,2250,343.0075757575757,1066.1186868686868,0,2250,17.566217046297595,12.085886996695772,,26.352580988894907,13259,4,0.666584311179997,143.0,2186,-0.0945263445263435,-12.085517335517352
145,2250,1870.7925925925929,1105.888888888889,0,2250,46.03593863974068,22.96498640978759,47.0,505.51271190225833,9726,47,0.0910678160129864,144.0,2315,22.392938613353863,-5.093810073048871
