ImageNumber,ObjectNumber,Location_Center_X,Location_Center_Y,Location_Center_Z,Number_Object_Number,TrackObjects_Displacement_50,TrackObjects_DistanceTraveled_50,TrackObjects_FinalAge_50,TrackObjects_IntegratedDistance_50,TrackObjects_Label_50,TrackObjects_Lifetime_50,TrackObjects_Linearity_50,TrackObjects_ParentImageNumber_50,TrackObjects_ParentObjectNumber_50,TrackObjects_TrajectoryX_50,TrackObjects_TrajectoryY_50
137,2184,1098.1396648044692,1148.0893854748604,0,2184,31.110486877234504,5.711896533201945,,355.42433355029044,9430,43,0.0875305485318791,136.0,2132,4.18925158132879,3.8827739046123497
138,2184,1461.2698795180722,1131.5180722891566,0,2184,5.655962597478236,0.6807452392554947,,40.05482291712121,12779,4,0.1412055324568824,137.0,2159,0.0947202824033865,0.6741232445706373
139,2184,440.187969924812,1143.436090225564,0,2184,40.92025443694005,3.12958924731361,,85.93615612765716,11892,16,0.4761704069722817,138.0,2187,-2.443314991389116,1.9556432981896703
140,2184,1478.322056833559,1087.621109607578,0,2184,31.8773581892136,1.8929472777496668,,410.7231837124703,7150,72,0.0776127558738675,139.0,2106,0.0864403952027714,1.8909726212764328
141,2184,20.144927536231883,1080.8804347826087,0,2184,146.37216656434347,8.33319508134745,,400.2150344046927,9569,45,0.36573380303433,140.0,2152,-8.206501035196688,1.447577639751671
142,2184,134.16867469879517,1060.6385542168675,0,2184,84.97765438067054,7.656743527230832,,594.6070398567076,5417,94,0.1429139729007396,141.0,2159,6.745205311040067,3.6232480944186136
143,2184,1915.781954887218,1078.842105263158,0,2184,60.63270918327122,3.050955142274661,,541.4876316936825,6561,82,0.111974319697058,142.0,2212,3.0364351739563062,0.2973023957742953
144,2184,1302.4347826086955,1032.2648221343873,0,2184,61.926325304864,13.98044681154414,,151.9718311189431,12131,18,0.4074855507689211,143.0,2106,-12.171489168307744,6.878062552505753
145,2184,803.2342857142858,1061.7114285714283,0,2184,16.562654438508254,7.832959550127142,47.0,438.8241125076409,9724,47,0.0377432642519612,144.0,2240,-7.190068529256678,-3.1077596204534075
