ImageNumber,ObjectNumber,Location_Center_X,Location_Center_Y,Location_Center_Z,Number_Object_Number,TrackObjects_Displacement_50,TrackObjects_DistanceTraveled_50,TrackObjects_FinalAge_50,TrackObjects_IntegratedDistance_50,TrackObjects_Label_50,TrackObjects_Lifetime_50,TrackObjects_Linearity_50,TrackObjects_ParentImageNumber_50,TrackObjects_ParentObjectNumber_50,TrackObjects_TrajectoryX_50,TrackObjects_TrajectoryY_50
141,2280,237.96306068601584,1146.382585751979,0,2280,81.29295737821604,0.4121414499979045,,168.07531492647385,11623,21,0.4836698203646289,140.0,2256,-0.1390898516185643,0.387962096064939
142,2280,1950.721875,1132.7625,0,2280,11.645535080903208,2.259480300156025,,38.84767566232047,12926,6,0.2997743077895021,141.0,2255,-1.5965773809523398,1.5988095238096776
143,2280,1796.5648484848484,1150.8169696969696,0,2280,78.99806253624926,10.217256487106765,,278.2430103931618,11038,30,0.2839175094627669,142.0,2299,-4.402813206693963,9.219954771596576
144,2280,1361.3006993006993,1095.5804195804196,0,2280,12.664186570011369,10.123034686272389,,20.15728080028541,13168,5,0.6282685990975556,143.0,2203,-10.114300699300657,0.4204195804195478
145,2280,1952.6126984126984,1134.3333333333333,0,2280,13.199382583318275,4.347804971443972,9.0,50.70966371164618,12926,9,0.2602932383534394,144.0,2335,2.314585205151161,3.68050314465404
