ImageNumber,ObjectNumber,Location_Center_X,Location_Center_Y,Location_Center_Z,Number_Object_Number,TrackObjects_Displacement_50,TrackObjects_DistanceTraveled_50,TrackObjects_FinalAge_50,TrackObjects_IntegratedDistance_50,TrackObjects_Label_50,TrackObjects_Lifetime_50,TrackObjects_Linearity_50,TrackObjects_ParentImageNumber_50,TrackObjects_ParentObjectNumber_50,TrackObjects_TrajectoryX_50,TrackObjects_TrajectoryY_50
138,2203,414.4,1151.7456,0,2203,42.46087509088641,3.591546764521882,,101.17788517560932,11892,15,0.4196655723450754,137.0,2187,-3.540145985401466,0.6054540145985357
140,2203,1769.8771428571429,1110.682857142857,0,2203,31.84155650553031,15.346990441804342,,224.8037548285297,11038,27,0.141641568797717,139.0,2131,-15.318319621042065,0.9376564447768488
141,2203,326.88235294117646,1088.5392156862745,0,2203,0.0,0.0,1.0,0.0,13262,1,,0.0,0,0.0,0.0
142,2203,1925.316037735849,1075.169811320755,0,2203,53.523307966585946,8.169737893398198,,537.1050430997171,6561,81,0.0996514716333597,141.0,2178,-6.080001868111367,5.4569400336258695
143,2203,1371.415,1095.16,0,2203,2.738945114825619,4.124763034752224,,10.03424611401302,13168,4,0.2729597304774724,142.0,2235,-3.4508008658008293,2.259567099567221
144,2203,1309.648854961832,1045.224427480916,0,2203,54.2008438601814,5.332974099228814,,167.14255328467806,12131,18,0.3242791425344941,143.0,2131,1.3871727188413845,-5.149404294784745
145,2203,349.9092970521542,1077.6666666666667,0,2203,169.81225937144166,8.38259655746574,110.0,941.0963644929344,4202,110,0.1804408833976709,144.0,2266,3.672100286655564,-7.535489667565116
