ImageNumber,ObjectNumber,Location_Center_X,Location_Center_Y,Location_Center_Z,Number_Object_Number,TrackObjects_Displacement_50,TrackObjects_DistanceTraveled_50,TrackObjects_FinalAge_50,TrackObjects_IntegratedDistance_50,TrackObjects_Label_50,TrackObjects_Lifetime_50,TrackObjects_Linearity_50,TrackObjects_ParentImageNumber_50,TrackObjects_ParentObjectNumber_50,TrackObjects_TrajectoryX_50,TrackObjects_TrajectoryY_50
142,2317,1517.9567307692307,1148.4903846153843,0,2317,96.44028734390632,13.62469026322375,,317.867730965208,10338,37,0.3033975391307089,141.0,2268,-1.8111263736263936,13.503777472527418
144,2317,1467.6384615384616,1116.1897435897436,0,2317,38.31545337453805,4.262478799329618,,296.980852178103,10338,39,0.1290165783198703,143.0,2232,-1.9952593917710144,-3.7666517590937474
