ImageNumber,ObjectNumber,Location_Center_X,Location_Center_Y,Location_Center_Z,Number_Object_Number,TrackObjects_Displacement_50,TrackObjects_DistanceTraveled_50,TrackObjects_FinalAge_50,TrackObjects_IntegratedDistance_50,TrackObjects_Label_50,TrackObjects_Lifetime_50,TrackObjects_Linearity_50,TrackObjects_ParentImageNumber_50,TrackObjects_ParentObjectNumber_50,TrackObjects_TrajectoryX_50,TrackObjects_TrajectoryY_50
140,2226,297.98496240601503,1125.6691729323309,0,2226,143.8655984880997,2.5085268658612585,,200.199593889808,11623,20,0.7186108407756554,139.0,2153,2.46587843654936,-0.4605980600356361
141,2226,1823.8561278863235,1106.6731793960923,0,2226,91.27438345737814,13.995268545702457,,453.5139795536938,9726,43,0.2012603526515365,140.0,2210,12.966406258914276,-5.266863430460035
142,2226,12.767441860465116,1089.7558139534883,0,2226,157.7822886360857,4.711866915634935,,418.9310116084243,9569,46,0.3766307202474787,141.0,2218,1.0412513842746396,-4.595376522702054
143,2226,476.3142857142857,1120.4742857142858,0,2226,32.643826794757445,9.694038395402664,,60.3659785570321,12442,13,0.5407653048134797,142.0,2287,4.57258829731154,-8.547854507116426
144,2226,1857.7752808988764,1062.652933832709,0,2226,93.26459306354856,6.262126248090562,,739.0387007211533,6561,83,0.1261971706928758,143.0,2164,-2.521966807545596,5.731832915277892
145,2226,1889.075268817204,1090.3870967741937,0,2226,5.187895667637455,5.187895667637455,2.0,5.187895667637455,13555,2,1.0,144.0,2282,-3.8596905323893225,-3.4665617623916205
