ImageNumber,ObjectNumber,Location_Center_X,Location_Center_Y,Location_Center_Z,Number_Object_Number,TrackObjects_Displacement_50,TrackObjects_DistanceTraveled_50,TrackObjects_FinalAge_50,TrackObjects_IntegratedDistance_50,TrackObjects_Label_50,TrackObjects_Lifetime_50,TrackObjects_Linearity_50,TrackObjects_ParentImageNumber_50,TrackObjects_ParentObjectNumber_50,TrackObjects_TrajectoryX_50,TrackObjects_TrajectoryY_50
142,2303,1362.6718506998443,1139.3716951788492,0,2303,6.5515619454137,14.277304587785668,8.0,46.45822230966306,12780,8,0.1410205044382641,141.0,2251,2.3047620922495757,14.090049609229029
144,2303,337.96031746031747,1109.984126984127,0,2303,186.3335097517634,10.9363595714953,,244.2883374183133,11623,24,0.7627605628699765,143.0,2223,9.721607782898104,-5.009421402969792
145,2303,1338.3401360544217,1150.108843537415,0,2303,7.323789843635022,7.323789843635022,2.0,7.323789843635022,13560,2,1.0,144.0,2352,-4.774270725239376,5.553758791652172
