ImageNumber,ObjectNumber,Location_Center_X,Location_Center_Y,Location_Center_Z,Number_Object_Number,TrackObjects_Displacement_50,TrackObjects_DistanceTraveled_50,TrackObjects_FinalAge_50,TrackObjects_IntegratedDistance_50,TrackObjects_Label_50,TrackObjects_Lifetime_50,TrackObjects_Linearity_50,TrackObjects_ParentImageNumber_50,TrackObjects_ParentObjectNumber_50,TrackObjects_TrajectoryX_50,TrackObjects_TrajectoryY_50
140,2224,393.29896907216494,1126.8556701030927,0,2224,25.400153881409853,6.5657796421330445,,59.07195143470691,12362,11,0.4299867071343498,139.0,2148,-5.212019938824085,3.993032740455419
141,2224,332.11299435028246,1100.2485875706216,0,2224,189.7713301644524,17.09004538961441,,933.8764459848207,4202,106,0.2032081770349489,140.0,2180,-15.331450094161994,7.550913152016847
142,2224,1477.6689655172413,1086.7862068965517,0,2224,30.83849539904601,2.523796076731874,,415.2493560586164,7150,74,0.0742650047473953,141.0,2211,0.4963464696222672,-2.4745073891626816
143,2224,1234.457399103139,1115.1008968609865,0,2224,100.83479019679244,4.648784356576512,,374.2378032176789,10423,37,0.2694404181774789,142.0,2257,-3.5878497656392483,2.956100480895884
144,2224,1574.503333333333,1062.71,0,2224,110.59347132660116,6.408367970866295,,512.1642006960774,7150,76,0.2159336228035748,143.0,2174,-3.6954884634265,-5.235508100147172
145,2224,1053.0379746835442,1095.759493670886,0,2224,43.34450452603368,23.534486490994897,51.0,440.6040154991159,9430,51,0.0983751917851521,144.0,2254,17.248132301758005,16.011682812742492
