ImageNumber,ObjectNumber,Location_Center_X,Location_Center_Y,Location_Center_Z,Number_Object_Number,TrackObjects_Displacement_50,TrackObjects_DistanceTraveled_50,TrackObjects_FinalAge_50,TrackObjects_IntegratedDistance_50,TrackObjects_Label_50,TrackObjects_Lifetime_50,TrackObjects_Linearity_50,TrackObjects_ParentImageNumber_50,TrackObjects_ParentObjectNumber_50,TrackObjects_TrajectoryX_50,TrackObjects_TrajectoryY_50
141,2289,1373.5056603773585,1156.5962264150944,0,2289,0.0,0.0,1.0,0.0,13266,1,,0.0,0,0.0,0.0
142,2289,1717.5063694267517,1127.7059447983015,0,2289,4.76847185632403,10.757076362961076,,87.81163115273613,12777,8,0.054303419646424,141.0,2254,-9.896755573248356,4.215319798301607
144,2289,143.3145400593472,1098.275964391691,0,2289,69.39542932196618,1.432039343598198,,190.65538138380276,11530,25,0.3639835855577991,143.0,2199,1.4125227682809225,0.2356185703656592
145,2289,62.5,1127.5869565217392,0,2289,15.243058180345455,7.565762644001531,10.0,52.462086005289166,12850,10,0.2905537949598243,144.0,2342,-1.1117647058823508,-7.483631713554814
