ImageNumber,ObjectNumber,Location_Center_X,Location_Center_Y,Location_Center_Z,Number_Object_Number,TrackObjects_Displacement_50,TrackObjects_DistanceTraveled_50,TrackObjects_FinalAge_50,TrackObjects_IntegratedDistance_50,TrackObjects_Label_50,TrackObjects_Lifetime_50,TrackObjects_Linearity_50,TrackObjects_ParentImageNumber_50,TrackObjects_ParentObjectNumber_50,TrackObjects_TrajectoryX_50,TrackObjects_TrajectoryY_50
142,2304,1487.6650943396226,1144.5471698113208,0,2304,73.03119318225492,4.22115755667462,,291.3525193921021,10338,37,0.2506626451510775,141.0,2279,-1.5413113543277177,-3.929698516081317
144,2304,1884.9520547945208,1109.6027397260275,0,2304,37.552527522787855,3.256772385152252,,58.363627161879606,12851,9,0.6434234702142606,143.0,2220,0.9370172005355926,-3.119064785250657
145,2304,1502.2397137745977,1146.0983899821108,0,2304,83.46859010784912,8.394844702140864,40.0,320.7396818503907,10338,40,0.2602378029008058,144.0,2356,7.964559770490723,-2.653150058956953
