ImageNumber,ObjectNumber,Location_Center_X,Location_Center_Y,Location_Center_Z,Number_Object_Number,TrackObjects_Displacement_50,TrackObjects_DistanceTraveled_50,TrackObjects_FinalAge_50,TrackObjects_IntegratedDistance_50,TrackObjects_Label_50,TrackObjects_Lifetime_50,TrackObjects_Linearity_50,TrackObjects_ParentImageNumber_50,TrackObjects_ParentObjectNumber_50,TrackObjects_TrajectoryX_50,TrackObjects_TrajectoryY_50
138,2204,1271.0647773279352,1140.9163292847504,0,2204,14.818080432137242,10.40392720752625,,56.77301987425956,12616,6,0.2610056760228046,137.0,2144,4.434552247549391,9.411506133624924
140,2204,414.8482142857143,1106.7857142857142,0,2204,53.65693529497604,22.921003147733828,,75.4271749403077,12362,11,0.7113740550065623,139.0,2148,16.337225274725256,-16.076923076923094
141,2204,1762.1937751004016,1092.0853413654618,0,2204,4.71583932350569,9.881646123104163,3.0,15.377540101535429,13059,3,0.3066705918090774,140.0,2188,8.713088405122562,-4.66143975041814
142,2204,335.2909836065574,1075.422131147541,0,2204,5.9749208016173005,5.9749208016173005,,5.9749208016173005,13259,2,1.0,141.0,2186,5.5518531717747805,-2.2083036350677503
143,2204,627.8775510204082,1096.455782312925,0,2204,2.812506636846204,2.812506636846204,,2.812506636846204,13355,2,1.0,142.0,2237,2.7655510204082248,0.5117823129251065
144,2204,1061.988326848249,1046.443579766537,0,2204,94.99006761175386,13.5879952960038,,778.2700305394209,2616,126,0.1220528401253174,143.0,2157,6.309314502570032,-12.03437437808384
145,2204,820.015037593985,1086.7844611528822,0,2204,14.921358890984918,21.3748660976812,47.0,453.9299209735136,9724,47,0.0328715032906049,144.0,2290,16.452445546856893,-13.645583029739328
