ImageNumber,ObjectNumber,Location_Center_X,Location_Center_Y,Location_Center_Z,Number_Object_Number,TrackObjects_Displacement_50,TrackObjects_DistanceTraveled_50,TrackObjects_FinalAge_50,TrackObjects_IntegratedDistance_50,TrackObjects_Label_50,TrackObjects_Lifetime_50,TrackObjects_Linearity_50,TrackObjects_ParentImageNumber_50,TrackObjects_ParentObjectNumber_50,TrackObjects_TrajectoryX_50,TrackObjects_TrajectoryY_50
137,2176,187.6220472440945,1140.8976377952756,0,2176,2.8479090594661467,8.863456907513472,,26.1223444076164,12612,5,0.1090219551134848,136.0,2129,-6.712978136616158,-5.787641392541673
138,2176,54.86315789473685,1129.40350877193,0,2176,10.2591434022832,0.4923438625926468,,10.369398406090456,12850,3,0.9893672709361327,137.0,2151,0.37062058130401,-0.3241031683685378
139,2176,409.4985074626866,1141.9164179104478,0,2176,27.43228321907273,13.23179596950146,,55.64367322266102,12362,10,0.4929991431245208,138.0,2202,11.030038994218105,-7.308807314777368
140,2176,839.6811594202899,1087.3864734299516,0,2176,66.5666703818729,9.178766371260611,,646.3556161714829,6481,80,0.1029876877626019,139.0,2096,-5.706595681750969,7.189194518387012
141,2176,840.8433048433048,1071.945868945869,0,2176,53.16355102162173,1.865145907714636,,624.9044915357466,6481,81,0.0850746821981845,140.0,2159,-1.45635845635843,-1.1652421652420344
142,2176,1917.7759103641456,1051.5686274509803,0,2176,36.86143380997236,4.404678515366018,,519.6000079487549,6561,81,0.0709419423519481,141.0,2158,-1.0370392761421954,4.280857666807606
143,2176,177.17482517482517,1067.4755244755245,0,2176,51.4961675929433,8.593693318346029,,72.06147431241878,12609,11,0.7146144050520579,142.0,2188,-8.312252359966067,2.1812898830792165
144,2176,811.6571428571428,1023.5591836734694,0,2176,53.99985891308823,12.260305389963907,,383.61539114562254,9724,46,0.1407656213996627,143.0,2126,6.04803469775004,-10.664725244936676
145,2176,354.9115646258504,1053.2789115646258,0,2176,6.216819532851612,0.5293043690525341,3.0,7.139192464623803,13455,3,0.87080150362345,144.0,2221,-0.5292248478338593,0.0091747225205836
