ImageNumber,ObjectNumber,Location_Center_X,Location_Center_Y,Location_Center_Z,Number_Object_Number,TrackObjects_Displacement_50,TrackObjects_DistanceTraveled_50,TrackObjects_FinalAge_50,TrackObjects_IntegratedDistance_50,TrackObjects_Label_50,TrackObjects_Lifetime_50,TrackObjects_Linearity_50,TrackObjects_ParentImageNumber_50,TrackObjects_ParentObjectNumber_50,TrackObjects_TrajectoryX_50,TrackObjects_TrajectoryY_50
140,2225,1361.8998109640831,1127.9773156899812,0,2225,10.83629333508797,10.341679908629263,,29.07997025055741,12780,6,0.3726377036056375,139.0,2188,-1.3040935912313216,-10.259126826287684
141,2225,355.1058823529412,1102.164705882353,0,2225,194.853349704332,3.9645112341283433,,913.6179029553516,4202,106,0.2132766324674949,140.0,2198,-3.587867647058829,1.6865808823529278
142,2225,1997.0059382422803,1096.6828978622327,0,2225,90.08321760630491,29.17200740604544,,597.1708816741561,6561,81,0.1508499834314735,141.0,2183,21.74087800131656,19.45097015138936
143,2225,467.8414634146341,1118.0243902439024,0,2225,51.097684461340485,8.216994233357692,,117.68371320355772,11892,20,0.4341950391466381,142.0,2262,7.873882367252577,-2.349674594002863
144,2225,1584.4867549668877,1049.958609271523,0,2225,120.870528115892,8.995145490766147,,498.9069703061426,7150,76,0.2422706743137355,143.0,2162,-6.587897810890354,-6.124724061810184
145,2225,1193.287037037037,1091.625,0,2225,143.28501771315098,5.301508614725343,39.0,343.1523197783677,10423,39,0.4175551481210871,144.0,2284,-2.418226120857753,-4.717857142857156
