ImageNumber,ObjectNumber,Location_Center_X,Location_Center_Y,Location_Center_Z,Number_Object_Number,TrackObjects_Displacement_50,TrackObjects_DistanceTraveled_50,TrackObjects_FinalAge_50,TrackObjects_IntegratedDistance_50,TrackObjects_Label_50,TrackObjects_Lifetime_50,TrackObjects_Linearity_50,TrackObjects_ParentImageNumber_50,TrackObjects_ParentObjectNumber_50,TrackObjects_TrajectoryX_50,TrackObjects_TrajectoryY_50
137,2198,1130.6144578313254,1158.2650602409635,0,2198,0.0,0.0,1.0,0.0,12934,1,,0.0,0,0.0,0.0
138,2198,1361.4606741573034,1141.7902621722849,0,2198,6.706807740548255,5.3642247604589945,,14.779946449839697,12780,4,0.4537775399464318,137.0,2162,1.463459672623685,5.160735709889195
140,2198,358.69375,1100.478125,0,2198,193.9402361930095,6.667857241467481,,909.6533917212232,4202,105,0.2132023449349654,139.0,2111,-5.4332661290322335,3.865221774193742
141,2198,1689.3684210526317,1083.4179566563469,0,2198,63.553751899829074,25.975816377295185,,81.12896983938863,12781,7,0.7833669283074431,140.0,2209,-12.038633284832486,-23.01769634651305
142,2198,1721.355871886121,1062.3274021352313,0,2198,86.99313589874531,16.643218546370587,,104.22026647100444,12781,8,0.8347046005965455,141.0,2181,10.126652742544138,-13.20786234839602
143,2198,2000.78125,1088.0,0,2198,5.711383385276448,8.659455263880275,,11.764862230963988,13261,3,0.485461136148678,142.0,2219,3.331974637681242,7.9927536231884915
144,2198,1976.2886363636364,1039.9022727272727,0,2198,36.68164774266776,8.95434412195442,,495.7296976404592,6561,83,0.0739952597499455,143.0,2137,-5.870964633869789,-6.7610689186126365
145,2198,816.2460732984293,1076.9424083769634,0,2198,51.20947162457395,2.431276562100318,85.0,676.3039241697037,6481,85,0.0757196133194756,144.0,2257,-0.8387147314958838,-2.2820305257796463
