ImageNumber,ObjectNumber,Location_Center_X,Location_Center_Y,Location_Center_Z,Number_Object_Number,TrackObjects_Displacement_50,TrackObjects_DistanceTraveled_50,TrackObjects_FinalAge_50,TrackObjects_IntegratedDistance_50,TrackObjects_Label_50,TrackObjects_Lifetime_50,TrackObjects_Linearity_50,TrackObjects_ParentImageNumber_50,TrackObjects_ParentObjectNumber_50,TrackObjects_TrajectoryX_50,TrackObjects_TrajectoryY_50
140,2263,1741.6895306859203,1143.4729241877255,0,2263,24.615264219714025,23.468849991787703,,78.93843338887397,12777,6,0.3118286386360365,139.0,2135,0.3246017759679489,23.46660507240176
141,2263,420.3442265795207,1128.1677559912855,0,2263,43.06766979853379,9.761514689682407,,73.26233894669417,12362,12,0.587855512364544,140.0,2247,6.773088368138588,-7.02939848025926
142,2263,1334.3228346456692,1117.3228346456692,0,2263,6.121290181757945,19.007449359269277,,291.51919942695497,10423,36,0.0209978972012501,141.0,2272,8.159569339546806,-17.166961272698018
143,2263,1791.2083333333333,1140.96875,0,2263,67.79904294845124,5.446194396944788,,229.2778438219488,11038,30,0.2957069109612799,142.0,2300,5.263888888888914,1.3973214285713311
144,2263,422.09248554913296,1084.5231213872833,0,2263,202.82147681277823,3.101031463512248,,913.259869203017,4202,109,0.2220851738397049,143.0,2196,-0.0119228035352421,-3.10100854311122
145,2263,1468.1137566137563,1113.584656084656,0,2263,36.52372828898468,2.6480910705191065,40.0,299.62894324862214,10338,40,0.1218965293972902,144.0,2317,0.47529507529498,-2.6050875050875675
