ImageNumber,ObjectNumber,Location_Center_X,Location_Center_Y,Location_Center_Z,Number_Object_Number,TrackObjects_Displacement_50,TrackObjects_DistanceTraveled_50,TrackObjects_FinalAge_50,TrackObjects_IntegratedDistance_50,TrackObjects_Label_50,TrackObjects_Lifetime_50,TrackObjects_Linearity_50,TrackObjects_ParentImageNumber_50,TrackObjects_ParentObjectNumber_50,TrackObjects_TrajectoryX_50,TrackObjects_TrajectoryY_50
140,2258,332.7752808988764,1145.191011235955,0,2258,234.6412515989216,2.494888360005779,,954.639430727427,4202,105,0.2457904461584275,139.0,2191,1.512123004139596,-1.984427360536074
141,2258,1788.6234567901236,1128.679012345679,0,2258,55.68619341465379,16.512117687535863,,248.7329374215197,11038,28,0.2238794507551856,140.0,2240,14.040327205771518,-8.690180808355308
142,2258,1885.9516129032256,1112.3387096774193,0,2258,34.77021710964394,3.1266901604568966,,53.132751035762666,12851,7,0.6544027258487096,141.0,2238,-1.8573758608190476,-2.51522290685034
143,2258,1800.1933701657458,1135.342541436464,0,2258,67.45728875921667,6.302219132209446,,274.32797303826453,11038,30,0.2459001465002164,142.0,2299,-0.7742915257965706,-6.254473488909071
144,2258,1723.2844702467344,1083.0406386066763,0,2258,67.89534749824182,10.93557640602036,,117.58883249278,12781,10,0.5773962208733607,143.0,2192,6.793627755891976,8.569332135369905
145,2258,608.8081395348837,1111.6337209302326,0,2258,26.25794575817257,2.44350042797426,14.0,98.41082552678397,12534,14,0.2668196879521764,144.0,2299,2.228700282547265,-1.0017930884589532
