ImageNumber,ObjectNumber,Location_Center_X,Location_Center_Y,Location_Center_Z,Number_Object_Number,TrackObjects_Displacement_50,TrackObjects_DistanceTraveled_50,TrackObjects_FinalAge_50,TrackObjects_IntegratedDistance_50,TrackObjects_Label_50,TrackObjects_Lifetime_50,TrackObjects_Linearity_50,TrackObjects_ParentImageNumber_50,TrackObjects_ParentObjectNumber_50,TrackObjects_TrajectoryX_50,TrackObjects_TrajectoryY_50
140,2232,1488.3395225464192,1127.5066312997346,0,2232,60.44285417467631,0.980687908616332,,271.93684541192647,10338,35,0.2222679831529201,139.0,2164,-0.000100095090147,0.9806879035081691
141,2232,596.3197278911565,1110.0884353741496,0,2232,31.668480974982195,3.4790612127711604,,82.54395508488547,12534,10,0.3836559678103063,140.0,2214,-0.8995234457419201,-3.3607624868129733
142,2232,1702.6611570247933,1090.0537190082644,0,2232,56.38717070917238,16.85814966878886,,104.43519759342271,12781,8,0.5399249679087467,141.0,2181,-8.568062118783473,14.518454524637036
143,2232,1469.6337209302326,1119.9563953488373,0,2232,42.54338192595718,2.1940744222703272,,292.7183733787734,10338,38,0.1453389530520062,142.0,2265,-0.4365037888685492,2.150215573556352
144,2232,890.0217391304348,1058.358695652174,0,2232,88.99827021996002,11.086799378075227,,250.1173045631033,10609,36,0.3558261207692897,143.0,2166,-8.476794593905424,-7.145703174805476
145,2232,1228.8725099601593,1095.699203187251,0,2232,107.48028940193258,8.566658650360795,39.0,384.8560205080156,10423,39,0.2792740237246569,144.0,2291,6.371824089103029,-5.726036867618632
