ImageNumber,ObjectNumber,Location_Center_X,Location_Center_Y,Location_Center_Z,Number_Object_Number,TrackObjects_Displacement_50,TrackObjects_DistanceTraveled_50,TrackObjects_FinalAge_50,TrackObjects_IntegratedDistance_50,TrackObjects_Label_50,TrackObjects_Lifetime_50,TrackObjects_Linearity_50,TrackObjects_ParentImageNumber_50,TrackObjects_ParentObjectNumber_50,TrackObjects_TrajectoryX_50,TrackObjects_TrajectoryY_50
137,2172,471.0,1138.7413127413126,0,2172,17.508102562613228,3.460969555848912,,31.457277070277595,12442,7,0.5565676432673747,136.0,2117,2.1300448430493475,2.727859826514532
138,2172,617.6633165829146,1134.7010050251256,0,2172,6.606150155242024,12.15360894111703,,48.97411366302298,12534,7,0.1348906526557494,137.0,2164,-12.032848608825816,-1.709024473399495
139,2172,907.3684210526316,1136.8744939271255,0,2172,4.250180728407588,4.250180728407588,2.0,4.250180728407588,13008,2,1.0,138.0,2173,0.2374686716791529,4.243541546173219
140,2172,1595.0063829787234,1074.4297872340426,0,2172,131.9262982127649,4.999399310340963,,474.89496324357776,7150,72,0.2778010053248317,139.0,2078,4.970478723404312,-0.5369680851063094
141,2172,1954.7625698324025,1069.3449720670392,0,2172,46.25184770022077,8.408896841629057,,562.09428171741,6561,80,0.082284857193181,140.0,2151,-8.405591602575214,-0.2357454217501526
142,2172,1934.2444444444443,1056.8913580246913,0,2172,33.4116360918057,11.116897122890885,,542.1138941849051,6561,81,0.0616321338563766,141.0,2150,4.033918128655159,10.359194282001226
143,2172,820.228187919463,1067.543624161074,0,2172,42.17074203102596,2.6087365008629124,,671.5420512401946,6481,83,0.0627968746754512,142.0,2196,-0.3627211714460827,2.5833968883466696
144,2172,2000.27374301676,1017.4525139664804,0,2172,57.783993753930176,12.645419802372832,,496.367695439856,6561,83,0.1164136874433879,143.0,2110,9.49874301675959,-8.347486033519544
145,2172,1574.832288401254,1057.4780564263324,0,2172,110.87814259931932,5.242274791991816,77.0,517.4064754880692,7150,77,0.2142960087515875,144.0,2224,0.3289550679205604,-5.23194357366765
