ImageNumber,ObjectNumber,Location_Center_X,Location_Center_Y,Location_Center_Z,Number_Object_Number,TrackObjects_Displacement_50,TrackObjects_DistanceTraveled_50,TrackObjects_FinalAge_50,TrackObjects_IntegratedDistance_50,TrackObjects_Label_50,TrackObjects_Lifetime_50,TrackObjects_Linearity_50,TrackObjects_ParentImageNumber_50,TrackObjects_ParentObjectNumber_50,TrackObjects_TrajectoryX_50,TrackObjects_TrajectoryY_50
140,2265,327.5301204819277,1153.6385542168675,0,2265,242.7850989750735,7.463741142870999,,959.6082835102922,4202,105,0.2530043801695356,139.0,2191,-3.7330374128090966,6.463115620376357
141,2265,1770.8533568904593,1134.3127208480566,0,2265,55.176432704594205,4.822160024855703,,237.04297975883955,11038,28,0.2327697397355073,140.0,2240,-3.7297726938927553,-3.0564723059776497
142,2265,1470.0702247191011,1117.806179775281,0,2265,41.05853436701364,0.5760395659372044,,290.52429895650306,10338,37,0.1413256464759971,141.0,2240,0.4945490434254225,0.2953689644700716
143,2265,1840.422535211268,1141.2887323943662,0,2265,0.0,0.0,1.0,0.0,13460,1,,0.0,0,0.0,0.0
144,2265,1217.725971370143,1084.883435582822,0,2265,120.41928014163511,2.727437182810644,,332.34795076665984,10423,38,0.3623289382824599,143.0,2194,0.766140503335464,-2.6176214996303315
145,2265,1501.025,1116.7166666666667,0,2265,64.07310972441533,10.295875997572669,40.0,308.91855121092607,10338,40,0.2074110132695363,144.0,2297,7.352272727272748,7.207575757575796
