ImageNumber,ObjectNumber,Location_Center_X,Location_Center_Y,Location_Center_Z,Number_Object_Number,TrackObjects_Displacement_50,TrackObjects_DistanceTraveled_50,TrackObjects_FinalAge_50,TrackObjects_IntegratedDistance_50,TrackObjects_Label_50,TrackObjects_Lifetime_50,TrackObjects_Linearity_50,TrackObjects_ParentImageNumber_50,TrackObjects_ParentObjectNumber_50,TrackObjects_TrajectoryX_50,TrackObjects_TrajectoryY_50
137,2186,2014.6510638297875,1145.604255319149,0,2186,0.0,0.0,1.0,0.0,12929,1,,0.0,0,0.0,0.0
138,2186,1905.850574712644,1131.66091954023,0,2186,44.47508349656067,7.027527730998365,,155.85634786437254,11896,15,0.2853594614911883,137.0,2171,1.11144427786121,-6.939080459769912
139,2186,1495.5433403805496,1148.2135306553912,0,2186,80.69984429821054,3.324427108635996,,275.82141475012713,10338,34,0.2925800535513834,138.0,2200,-2.156659619450465,-2.5299476054783554
140,2186,559.9318801089918,1095.3147138964578,0,2186,22.901431706474245,18.923215316033662,,26.381412459541124,12925,4,0.8680896726661689,139.0,2121,17.29661440850873,-7.67562426779341
141,2186,329.7391304347826,1077.6304347826087,0,2186,0.0,0.0,,0.0,13259,1,,0.0,0,0.0,0.0
142,2186,1950.9798270893373,1063.792507204611,0,2186,39.97944320154334,6.718557040668108,,568.8128387580781,6561,81,0.0702857609347088,141.0,2172,-3.782742743065001,-5.552464862428224
143,2186,343.1021021021021,1078.2042042042042,0,2186,13.375284039254677,8.291773190581832,,14.266693992199134,13259,3,0.9375181136266136,142.0,2204,7.81111849554469,2.7820730566631937
144,2186,1994.4278606965172,1034.7960199004974,0,2186,6.829378615934228,6.9094941348414896,5.0,22.832565913639705,13158,5,0.2991069265611754,143.0,2124,-3.1143079781813867,-6.167835521189318
145,2186,1710.798611111111,1061.0928819444443,0,2186,86.06936891919202,9.816396674817137,11.0,137.75940249811927,12781,11,0.624780358787975,144.0,2239,9.730178440029476,1.298179957689399
