ImageNumber,ObjectNumber,Location_Center_X,Location_Center_Y,Location_Center_Z,Number_Object_Number,TrackObjects_Displacement_50,TrackObjects_DistanceTraveled_50,TrackObjects_FinalAge_50,TrackObjects_IntegratedDistance_50,TrackObjects_Label_50,TrackObjects_Lifetime_50,TrackObjects_Linearity_50,TrackObjects_ParentImageNumber_50,TrackObjects_ParentObjectNumber_50,TrackObjects_TrajectoryX_50,TrackObjects_TrajectoryY_50
142,2313,865.4055944055945,1149.1048951048951,0,2313,8.885275650061285,3.857986054988001,6.0,19.97654072691161,12930,6,0.4447854997282582,141.0,2286,1.4629192463587517,3.569863257761426
144,2313,1677.0491493383745,1120.5349716446124,0,2313,33.59577915787107,19.89850753669517,,99.46421781316548,12781,10,0.3377674896210182,143.0,2217,-18.199562001831964,8.045280922962775
