ImageNumber,ObjectNumber,Location_Center_X,Location_Center_Y,Location_Center_Z,Number_Object_Number,TrackObjects_Displacement_50,TrackObjects_DistanceTraveled_50,TrackObjects_FinalAge_50,TrackObjects_IntegratedDistance_50,TrackObjects_Label_50,TrackObjects_Lifetime_50,TrackObjects_Linearity_50,TrackObjects_ParentImageNumber_50,TrackObjects_ParentObjectNumber_50,TrackObjects_TrajectoryX_50,TrackObjects_TrajectoryY_50
140,2253,1725.6970720720722,1141.9786036036037,0,2253,14.008591178738277,26.986348836517745,,82.45593223360402,12777,6,0.1698918537365008,139.0,2135,-15.667856837880436,21.97228448827991
141,2253,683.5106382978723,1124.931914893617,0,2253,2.0395151961115285,2.0395151961115285,,2.0395151961115285,13172,2,1.0,140.0,2216,1.1491925147397524,1.6849269418096355
142,2253,1832.492099322799,1105.9729119638826,0,2253,82.91687412919967,8.66431631049091,,462.1782958641848,9726,44,0.1794045174149967,141.0,2226,8.635971436475756,-0.7002674322097846
143,2253,1487.9330543933054,1128.020920502092,0,2253,60.5184944923874,4.048183948571376,,280.6030076665502,10338,38,0.2156730071984956,142.0,2283,1.45327002672866,3.778332901013755
144,2253,796.9691358024692,1074.70987654321,0,2253,51.99554047736133,21.047295853771967,,693.8992824371769,6481,84,0.0749324027180685,143.0,2187,-20.311565951916805,-5.516244314489768
145,2253,1403.4019607843138,1111.2254901960785,0,2253,5.368100056202646,4.814664146092626,3.0,9.465427656611675,13458,3,0.5671270491886319,144.0,2311,-0.8815443703254005,-4.73327269051947
