ImageNumber,ObjectNumber,Location_Center_X,Location_Center_Y,Location_Center_Z,Number_Object_Number,TrackObjects_Displacement_50,TrackObjects_DistanceTraveled_50,TrackObjects_FinalAge_50,TrackObjects_IntegratedDistance_50,TrackObjects_Label_50,TrackObjects_Lifetime_50,TrackObjects_Linearity_50,TrackObjects_ParentImageNumber_50,TrackObjects_ParentObjectNumber_50,TrackObjects_TrajectoryX_50,TrackObjects_TrajectoryY_50
137,2195,1283.7028985507247,1155.159420289855,0,2195,0.0,0.0,1.0,0.0,12932,1,,0.0,0,0.0,0.0
138,2195,1781.5220588235295,1141.6617647058824,0,2195,64.85135188892068,9.746632198147015,,211.9413809963537,11038,25,0.3059872101618343,137.0,2177,4.79852011894809,-8.48357494656625
139,2195,1885.0,1152.8392857142858,0,2195,6.18244894722468,10.99960168573845,,31.137813598591485,12851,4,0.1985511579883162,138.0,2191,3.242857142857247,10.510714285714355
140,2195,1906.6440677966104,1099.7457627118645,0,2195,0.0,0.0,,0.0,13170,1,,0.0,0,0.0,0.0
141,2195,545.3838951310861,1087.563670411985,0,2195,60.70615513691612,4.207711951952707,,72.75968325747635,12695,8,0.8343378148320665,140.0,2177,-1.7376326466917362,-3.8321629213482993
142,2195,328.5061728395062,1062.7654320987654,0,2195,7.247497411728295,7.247497411728295,,7.247497411728295,13258,2,1.0,141.0,2168,7.247349310094421,-0.0463326071169376
143,2195,548.0893203883495,1087.8155339805826,0,2195,62.76095188855897,3.562661303801108,,77.16791989015769,12695,10,0.8133036626864392,142.0,2222,3.5464632454924185,0.3393435043922181
144,2195,1842.546075085324,1034.044368600683,0,2195,7.808534453829639,1.9337236981223151,,136.1268633300778,11272,28,0.0573621859992149,143.0,2127,-0.6431141038649457,1.8236478799619815
145,2195,1063.3368421052633,1072.9642105263158,0,2195,72.30384577301638,3.278964095091819,127.0,764.8640320613356,2616,127,0.0945316327375925,144.0,2252,-2.3284030972954497,-2.3087105824261016
