ImageNumber,ObjectNumber,Location_Center_X,Location_Center_Y,Location_Center_Z,Number_Object_Number,TrackObjects_Displacement_50,TrackObjects_DistanceTraveled_50,TrackObjects_FinalAge_50,TrackObjects_IntegratedDistance_50,TrackObjects_Label_50,TrackObjects_Lifetime_50,TrackObjects_Linearity_50,TrackObjects_ParentImageNumber_50,TrackObjects_ParentObjectNumber_50,TrackObjects_TrajectoryX_50,TrackObjects_TrajectoryY_50
137,2191,37.7,1146.6533333333334,0,2191,9.29950358313655,9.29950358313655,,9.29950358313655,12854,2,1.0,136.0,2145,-7.0468354430379705,-6.068185654008403
138,2191,1881.7571428571428,1142.3285714285714,0,2191,7.272423202758432,9.681838429756374,,20.138211912853038,12851,3,0.3611255673656345,137.0,2174,-8.045007680491608,5.3866359447004015
139,2191,331.2631578947368,1147.1754385964912,0,2191,236.5248608496333,5.057243043606264,,952.1445423674212,4202,104,0.2484127675211325,138.0,2210,-1.3256745925727955,-4.880398966960684
140,2191,1740.735,1101.64,0,2191,32.54540622771568,18.37711860650353,,73.8467020035898,12777,6,0.4407157712491155,139.0,2135,-0.6299289099526959,-18.36631911532368
141,2191,1829.781954887218,1078.1954887218046,0,2191,94.90706026713929,34.73603345333282,,497.2748355371031,9726,43,0.1908543394612575,140.0,2189,31.807557296856658,-13.959631760123102
142,2191,894.6618122977346,1061.868932038835,0,2191,83.90458554942904,3.953964188843621,,233.74495411885957,10609,34,0.3589578473072128,141.0,2164,-3.671521035598744,1.4675714946174594
143,2191,16.776119402985074,1080.6666666666667,0,2191,147.94179055076543,9.93388615001399,,428.8648977584383,9569,47,0.3449612950932041,142.0,2226,4.008677542519958,-9.089147286821571
144,2191,1293.2598039215686,1028.8921568627452,0,2191,71.5219557816541,26.6856989309307,,156.06882466533295,12131,18,0.4582718934099914,143.0,2088,-21.79132082280762,15.403404306507923
145,2191,834.0216346153846,1062.4350961538462,0,2191,41.54029531813411,5.39425132760174,85.0,692.0358625119575,6481,85,0.0600262176693427,144.0,2236,3.386217948718013,4.198985042735103
