ImageNumber,ObjectNumber,Location_Center_X,Location_Center_Y,Location_Center_Z,Number_Object_Number,TrackObjects_Displacement_50,TrackObjects_DistanceTraveled_50,TrackObjects_FinalAge_50,TrackObjects_IntegratedDistance_50,TrackObjects_Label_50,TrackObjects_Lifetime_50,TrackObjects_Linearity_50,TrackObjects_ParentImageNumber_50,TrackObjects_ParentObjectNumber_50,TrackObjects_TrajectoryX_50,TrackObjects_TrajectoryY_50
142,2297,451.7339901477832,1131.7339901477833,0,2297,40.895925896509816,6.907713824168523,,106.53194587248436,11892,19,0.3838841538242533,141.0,2257,1.6251191800412812,6.713828857460612
144,2297,1493.6727272727271,1109.509090909091,0,2297,54.18262808808303,9.838054860346077,,298.6226752133534,10338,39,0.1814417744713184,143.0,2233,-3.675395594166957,-9.125721377598438
145,2297,1598.6991150442475,1143.9203539823009,0,2297,0.0,0.0,1.0,0.0,13633,1,,0.0,0,0.0,0.0
