ImageNumber,ObjectNumber,Location_Center_X,Location_Center_Y,Location_Center_Z,Number_Object_Number,TrackObjects_Displacement_50,TrackObjects_DistanceTraveled_50,TrackObjects_FinalAge_50,TrackObjects_IntegratedDistance_50,TrackObjects_Label_50,TrackObjects_Lifetime_50,TrackObjects_Linearity_50,TrackObjects_ParentImageNumber_50,TrackObjects_ParentObjectNumber_50,TrackObjects_TrajectoryX_50,TrackObjects_TrajectoryY_50
138,2211,871.8023952095808,1150.0538922155688,0,2211,2.7611413959069377,2.7611413959069377,,2.7611413959069377,12930,2,1.0,137.0,2193,-2.0282499517095403,-1.8735271392699813
140,2211,1242.1735849056604,1118.1811320754716,0,2211,35.36381540814821,13.228028777208978,,77.16510975972292,12616,8,0.4582876317841602,139.0,2159,-11.970223349998832,-5.629786699495071
141,2211,1477.172619047619,1089.2607142857144,0,2211,32.87108363167112,2.00237626941428,,412.7255599818845,7150,73,0.0796439252105295,140.0,2184,-1.149437785939881,1.639604678136493
142,2211,1036.8983666061706,1080.0362976406534,0,2211,64.64950570821532,0.9402375132170684,,394.4004997435213,9430,48,0.163918417320102,141.0,2180,-0.7563342485302655,-0.5585741542183769
143,2211,813.0971223021583,1104.104316546763,0,2211,78.3546779396213,21.079709504046573,,688.2222013656001,6481,83,0.1138508432075375,142.0,2209,-7.899636206755872,19.54353858890204
144,2211,1418.6227045075125,1049.1886477462438,0,2211,18.040795392292512,18.072330818898237,,91.3739277240759,12528,13,0.1974392022062436,143.0,2139,-17.379676444868437,-4.95539987280381
145,2211,1149.0103092783504,1083.6494845360826,0,2211,0.0,0.0,1.0,0.0,13630,1,,0.0,0,0.0,0.0
