ImageNumber,ObjectNumber,Location_Center_X,Location_Center_Y,Location_Center_Z,Number_Object_Number,TrackObjects_Displacement_50,TrackObjects_DistanceTraveled_50,TrackObjects_FinalAge_50,TrackObjects_IntegratedDistance_50,TrackObjects_Label_50,TrackObjects_Lifetime_50,TrackObjects_Linearity_50,TrackObjects_ParentImageNumber_50,TrackObjects_ParentObjectNumber_50,TrackObjects_TrajectoryX_50,TrackObjects_TrajectoryY_50
138,2206,1139.7395833333333,1149.6354166666667,0,2206,0.0,0.0,1.0,0.0,13010,1,,0.0,0,0.0,0.0
140,2206,1736.8687150837989,1113.5558659217877,0,2206,20.8584350860265,7.862842054403471,,63.33242545148974,12777,6,0.3293484330866702,139.0,2135,-4.496213826153735,-6.450453193536077
141,2206,1202.222857142857,1088.5885714285714,0,2206,134.9162300708432,11.008515925023485,,325.1868799416471,10423,35,0.4148882946785957,140.0,2171,-11.008392857143008,-0.052053571428587
142,2206,1842.801282051282,1075.7948717948718,0,2206,84.90023541933476,13.23880060408834,,510.51363614119145,9726,44,0.1663035605886423,141.0,2191,13.019327164063952,-2.4006169269327984
143,2206,1477.3507462686566,1093.9216417910447,0,2206,37.25014209291473,3.113892118580276,,423.5138926011133,7150,75,0.0879549472725297,142.0,2238,-1.1319377140273446,-2.900869031466073
144,2206,1091.631067961165,1036.2556634304208,0,2206,0.0,0.0,1.0,0.0,13550,1,,0.0,0,0.0,0.0
145,2206,427.3951048951049,1082.874125874126,0,2206,204.2314312427189,5.553103468393973,110.0,918.812972671411,4202,110,0.2222774790052478,144.0,2263,5.302619345971948,-1.648995513157388
