ImageNumber,ObjectNumber,Location_Center_X,Location_Center_Y,Location_Center_Z,Number_Object_Number,TrackObjects_Displacement_50,TrackObjects_DistanceTraveled_50,TrackObjects_FinalAge_50,TrackObjects_IntegratedDistance_50,TrackObjects_Label_50,TrackObjects_Lifetime_50,TrackObjects_Linearity_50,TrackObjects_ParentImageNumber_50,TrackObjects_ParentObjectNumber_50,TrackObjects_TrajectoryX_50,TrackObjects_TrajectoryY_50
138,2209,193.67811158798284,1152.6437768240344,0,2209,15.825589196813455,2.3973058143801893,,24.06060182741668,12612,6,0.6577387095438505,137.0,2189,-1.708680864847338,1.6815126730909924
140,2209,1701.4070543374642,1106.43565300286,0,2209,39.95754677116614,1.6227687995396294,,55.15315346209345,12781,6,0.7244834476895108,139.0,2127,-0.571015837974528,1.5189863361931657
141,2209,1376.7763157894738,1093.5,0,2209,3.907097506884573,3.907097506884573,,3.907097506884573,13168,2,1.0,140.0,2190,2.8264725292856383,-2.6974921630094286
142,2209,820.9967585089141,1084.5607779578606,0,2209,59.15514656666617,0.9195422127473092,,667.1424918615535,6481,82,0.0886694331245537,141.0,2192,0.804211925063214,0.4458711255624621
143,2209,796.4846796657382,1105.1699164345405,0,2209,30.151277491173012,19.03350570568127,,424.0366493534858,9724,45,0.0711053573721602,142.0,2228,2.5287973127969963,18.86476937571706
144,2209,1918.234113712375,1045.3010033444816,0,2209,32.21059567444062,2.112980716039845,,527.0893715016756,6561,83,0.0611103114879223,143.0,2143,-1.6488650110295566,-1.3213370810503875
145,2209,579.6543209876543,1082.1810699588475,0,2209,46.55165057789211,4.129041619940328,9.0,61.09654959764523,12925,9,0.761935835729851,144.0,2262,2.6774870108203004,-3.1432543654766505
