ImageNumber,ObjectNumber,Location_Center_X,Location_Center_Y,Location_Center_Z,Number_Object_Number,TrackObjects_Displacement_50,TrackObjects_DistanceTraveled_50,TrackObjects_FinalAge_50,TrackObjects_IntegratedDistance_50,TrackObjects_Label_50,TrackObjects_Lifetime_50,TrackObjects_Linearity_50,TrackObjects_ParentImageNumber_50,TrackObjects_ParentObjectNumber_50,TrackObjects_TrajectoryX_50,TrackObjects_TrajectoryY_50
140,2260,1497.6921568627452,1149.8666666666666,0,2260,83.33357917540516,2.711138311840761,,278.5325530619679,10338,35,0.299187934262266,139.0,2186,2.14881648219557,1.6531360112753646
141,2260,1257.8279158699809,1136.3001912045888,0,2260,13.091837676755182,3.512715622521851,,76.27568061430344,12616,9,0.1716384248730015,140.0,2250,-1.4817856225563446,-3.1848834222769256
142,2260,318.3859649122807,1114.8640350877192,0,2260,166.1600542387508,13.928789570405124,,225.84338543726992,11623,22,0.735731329554052,141.0,2249,8.344642598231133,-11.152493837900693
143,2260,661.1160220994475,1135.0690607734807,0,2260,49.398928588262976,5.275772027739521,,100.5232290230351,12534,12,0.4914180440517197,142.0,2292,-3.866835043409651,3.5890607734806963
144,2260,1757.1310344827589,1078.896551724138,0,2260,0.0,0.0,,0.0,13553,1,,0.0,0,0.0,0.0
145,2260,1896.6605504587155,1111.5045871559632,0,2260,6.645180138395359,6.704868625349001,8.0,32.710399217468755,13007,8,0.2031519118496893,144.0,2316,1.8503652735303149,-6.444486918110897
