ImageNumber,ObjectNumber,Location_Center_X,Location_Center_Y,Location_Center_Z,Number_Object_Number,TrackObjects_Displacement_50,TrackObjects_DistanceTraveled_50,TrackObjects_FinalAge_50,TrackObjects_IntegratedDistance_50,TrackObjects_Label_50,TrackObjects_Lifetime_50,TrackObjects_Linearity_50,TrackObjects_ParentImageNumber_50,TrackObjects_ParentObjectNumber_50,TrackObjects_TrajectoryX_50,TrackObjects_TrajectoryY_50
140,2239,940.468085106383,1132.2021276595744,0,2239,67.46450543487532,11.124536260807488,10.0,92.64635962194107,12437,10,0.7281938082637622,139.0,2155,4.089599050606125,10.3455539543952
141,2239,1384.9558441558445,1121.2675324675324,0,2239,15.36014039552208,5.56368640482714,,15.778881537323803,13060,3,0.9734619249906132,140.0,2212,3.776739678232389,4.085442915293697
142,2239,557.4481132075472,1094.6949685534591,0,2239,21.089343483664216,3.139201998563749,,34.390411089218,12925,6,0.6132332477489952,141.0,2215,2.061666321100347,-2.367302508811917
143,2239,1933.683412322275,1114.5488151658767,0,2239,90.39337561168384,10.011889765006114,,599.5420016451659,6561,82,0.1507707139176922,142.0,2266,-9.112704182579364,4.146873418303812
144,2239,1701.0684326710816,1059.794701986755,0,2239,86.53560251361868,21.28974973654249,,127.94300582330212,12781,10,0.6763605556768781,143.0,2192,-15.422409819760787,-14.67660448455149
145,2239,1205.76,1105.4,0,2239,129.59219873584888,17.206082646982612,39.0,393.49544450463736,10423,39,0.3293359568596521,144.0,2291,-16.740685871056257,3.974759945130472
