ImageNumber,ObjectNumber,Location_Center_X,Location_Center_Y,Location_Center_Z,Number_Object_Number,TrackObjects_Displacement_50,TrackObjects_DistanceTraveled_50,TrackObjects_FinalAge_50,TrackObjects_IntegratedDistance_50,TrackObjects_Label_50,TrackObjects_Lifetime_50,TrackObjects_Linearity_50,TrackObjects_ParentImageNumber_50,TrackObjects_ParentObjectNumber_50,TrackObjects_TrajectoryX_50,TrackObjects_TrajectoryY_50
142,2306,325.10280373831773,1144.5794392523364,0,2306,233.6376103349604,5.662904248307284,,974.3110463037,4202,107,0.2397977639905909,141.0,2285,1.467624585223291,-5.469420682517011
144,2306,1194.384,1111.016,0,2306,2.54054961535313,6.744071295316464,3.0,11.41467740207666,13357,3,0.2225686741607722,143.0,2222,5.861966101694861,3.3346440677967166
145,2306,243.47289156626505,1150.1686746987953,0,2306,86.4862048514661,10.386516368300498,25.0,208.20957822696295,11623,25,0.4153805295027786,144.0,2358,-10.332863829418416,-1.0543468839384786
