ImageNumber,ObjectNumber,Location_Center_X,Location_Center_Y,Location_Center_Z,Number_Object_Number,TrackObjects_Displacement_50,TrackObjects_DistanceTraveled_50,TrackObjects_FinalAge_50,TrackObjects_IntegratedDistance_50,TrackObjects_Label_50,TrackObjects_Lifetime_50,TrackObjects_Linearity_50,TrackObjects_ParentImageNumber_50,TrackObjects_ParentObjectNumber_50,TrackObjects_TrajectoryX_50,TrackObjects_TrajectoryY_50
141,2288,853.0139534883721,1149.2651162790698,0,2288,0.0,0.0,,0.0,13265,1,,0.0,0,0.0,0.0
142,2288,1254.225806451613,1135.2721774193549,0,2288,14.827064310705062,3.7459317405054375,,80.02161235480888,12616,10,0.1852882474419928,141.0,2260,-3.602109418367945,-1.028013785233952
144,2288,1454.0,1099.5050505050506,0,2288,16.865860315403204,2.426379617452439,,292.4456625427805,10338,39,0.0576717745401198,143.0,2210,0.5725806451612243,-2.3578527207557727
145,2288,51.30769230769231,1137.6837606837607,0,2288,2.4559650904159542,0.8150391295770701,10.0,38.96092728160628,12850,10,0.063036618011282,144.0,2346,0.3950709484690051,0.7128868973529734
