ImageNumber,ObjectNumber,Location_Center_X,Location_Center_Y,Location_Center_Z,Number_Object_Number,TrackObjects_Displacement_50,TrackObjects_DistanceTraveled_50,TrackObjects_FinalAge_50,TrackObjects_IntegratedDistance_50,TrackObjects_Label_50,TrackObjects_Lifetime_50,TrackObjects_Linearity_50,TrackObjects_ParentImageNumber_50,TrackObjects_ParentObjectNumber_50,TrackObjects_TrajectoryX_50,TrackObjects_TrajectoryY_50
141,2278,442.5289079229122,1140.7173447537473,0,2278,40.10705640365921,3.6714834670280103,,90.85434829027132,11892,18,0.4414434439122367,140.0,2255,3.194362468366762,-1.8099279735254183
142,2278,1173.9367588932807,1127.4426877470355,0,2278,0.0,0.0,,0.0,13359,1,,0.0,0,0.0,0.0
143,2278,320.2093663911846,1154.870523415978,0,2278,243.80813559660672,11.395268418667015,,985.706314722367,4202,108,0.2473435869844026,142.0,2306,-4.893437347133158,10.291084163641472
144,2278,1878.489655172414,1091.5310344827583,0,2278,0.0,0.0,1.0,0.0,13554,1,,0.0,0,0.0,0.0
145,2278,1340.298969072165,1129.1958762886595,0,2278,15.698003347596163,15.698003347596163,2.0,15.698003347596163,13559,2,1.0,144.0,2337,-15.501426184752065,2.476508699726992
