ImageNumber,ObjectNumber,Location_Center_X,Location_Center_Y,Location_Center_Z,Number_Object_Number,TrackObjects_Displacement_50,TrackObjects_DistanceTraveled_50,TrackObjects_FinalAge_50,TrackObjects_IntegratedDistance_50,TrackObjects_Label_50,TrackObjects_Lifetime_50,TrackObjects_Linearity_50,TrackObjects_ParentImageNumber_50,TrackObjects_ParentObjectNumber_50,TrackObjects_TrajectoryX_50,TrackObjects_TrajectoryY_50
141,2284,1370.936936936937,1145.0,0,2284,16.39341647131641,19.27281575089092,,48.35278600144832,12780,7,0.3390376817341068,140.0,2225,9.0371259728538,17.022684310018803
142,2284,1874.396276595745,1130.3643617021276,0,2284,21.095216729306497,1.8942530220036369,,45.93311785421227,12851,7,0.4592594127022007,141.0,2267,-0.0534089388465872,-1.893499933092471
143,2284,1109.6,1160.1612903225807,0,2284,0.0,0.0,,0.0,13463,1,,0.0,0,0.0,0.0
144,2284,1195.7052631578947,1096.3428571428572,0,2284,140.3100575869448,7.126952883842521,,337.8508111636424,10423,38,0.4153018224336416,143.0,2207,-6.959671907040274,-1.5350649350648382
145,2284,635.4193548387096,1132.7935483870967,0,2284,24.13943750304218,14.268230382702884,14.0,126.49049622686924,12534,14,0.1908399304541147,144.0,2340,-14.266557401475096,0.2184906503762249
