ImageNumber,ObjectNumber,Location_Center_X,Location_Center_Y,Location_Center_Z,Number_Object_Number,TrackObjects_Displacement_50,TrackObjects_DistanceTraveled_50,TrackObjects_FinalAge_50,TrackObjects_IntegratedDistance_50,TrackObjects_Label_50,TrackObjects_Lifetime_50,TrackObjects_Linearity_50,TrackObjects_ParentImageNumber_50,TrackObjects_ParentObjectNumber_50,TrackObjects_TrajectoryX_50,TrackObjects_TrajectoryY_50
142,2319,400.0137741046832,1155.314049586777,0,2319,17.416754067948737,0.8653123595921404,,74.55583948239679,12362,13,0.233606840039149,141.0,2290,0.2689669830214711,-0.8224489295434978
144,2319,800.6711409395973,1119.393736017897,0,2319,3.9191929255770384,3.9191929255770384,,3.9191929255770384,13459,2,1.0,143.0,2238,0.8811146928781,-3.818862407299776
