ImageNumber,ObjectNumber,Location_Center_X,Location_Center_Y,Location_Center_Z,Number_Object_Number,TrackObjects_Displacement_50,TrackObjects_DistanceTraveled_50,TrackObjects_FinalAge_50,TrackObjects_IntegratedDistance_50,TrackObjects_Label_50,TrackObjects_Lifetime_50,TrackObjects_Linearity_50,TrackObjects_ParentImageNumber_50,TrackObjects_ParentObjectNumber_50,TrackObjects_TrajectoryX_50,TrackObjects_TrajectoryY_50
137,2166,292.38378378378377,1139.9675675675676,0,2166,136.0878330192716,0.9583464234329868,,189.0653929217279,11623,17,0.7197924004823626,136.0,2122,0.6393393393393012,-0.7139139139139843
138,2166,1796.3846153846157,1132.2167832167831,0,2166,62.73365793175268,5.782988857426692,,221.9052690908516,11038,25,0.2827046792929847,137.0,2153,-5.729489211264081,-0.7848015692707122
139,2166,1457.5602150537634,1128.6978494623656,0,2166,1.0032807553678258,4.659964294982186,,44.7147872121034,12779,5,0.0224373371298579,138.0,2184,-3.709664464308844,-2.820222826790996
140,2166,553.2058823529412,1077.110294117647,0,2166,73.30126037958229,8.685283567974407,,84.91977225642978,12695,7,0.8631824889760255,139.0,2094,8.459180505975496,-1.9688615551760904
141,2166,1557.706827309237,1063.1646586345382,0,2166,93.82548752633792,9.712670788159237,,490.8562647608945,7150,73,0.191146562165285,140.0,2150,-9.07888697647718,-3.451055651176148
142,2166,1338.9805825242718,1046.2038834951456,0,2166,0.0,0.0,,0.0,13354,1,,0.0,0,0.0,0.0
143,2166,898.4985337243402,1065.5043988269797,0,2166,79.08535745476885,5.285551066168519,,239.0305051850281,10609,35,0.3308588474661453,142.0,2191,3.83672142660555,3.635466788144413
144,2166,661.0625,1009.6125,0,2166,42.929821064769605,19.352446713448558,,68.29462631310422,12842,9,0.628597349196306,143.0,2119,-6.853743654822324,-18.098159898477206
145,2166,1984.3851851851853,1050.6414814814814,0,2166,48.933689712731386,4.037330746364057,84.0,497.9933341011193,6561,84,0.0982617363765661,144.0,2213,-4.014814814814827,0.4257952069715429
