ImageNumber,ObjectNumber,Location_Center_X,Location_Center_Y,Location_Center_Z,Number_Object_Number,TrackObjects_Displacement_50,TrackObjects_DistanceTraveled_50,TrackObjects_FinalAge_50,TrackObjects_IntegratedDistance_50,TrackObjects_Label_50,TrackObjects_Lifetime_50,TrackObjects_Linearity_50,TrackObjects_ParentImageNumber_50,TrackObjects_ParentObjectNumber_50,TrackObjects_TrajectoryX_50,TrackObjects_TrajectoryY_50
138,2201,1791.7826086956522,1147.036231884058,0,2201,73.54508497064639,15.37667519691553,,217.57142399512225,11038,25,0.3380273182028501,137.0,2177,15.059069991070828,-3.109107768390686
140,2201,378.4252336448598,1098.9719626168223,0,2201,197.68999797182516,14.49152115342826,,917.477055633184,4202,105,0.2154713262397522,139.0,2111,14.29821751582756,2.3590593910159896
141,2201,397.0689655172414,1088.0086206896551,0,2201,194.22079505781437,7.043227912228638,,908.3849793587048,4202,106,0.2138089020306444,140.0,2181,5.861370580532537,-3.905303360977769
142,2201,919.3333333333334,1069.5666666666666,0,2201,69.98926268532601,1.1973518929518892,,231.5773992105507,10609,34,0.3022283820611164,141.0,2174,-0.4666666666665833,1.1026666666666642
143,2201,1924.1592920353985,1093.4601769911503,0,2201,18.60891367026757,11.556831032349692,,19.530885352046703,13170,4,0.952794168561206,142.0,2245,11.105399819829472,-3.1985056435798924
144,2201,580.2662538699691,1034.390092879257,0,2201,0.0,0.0,,0.0,13549,1,,0.0,0,0.0,0.0
145,2201,1037.4192439862543,1078.8041237113405,0,2201,65.45881937341981,1.8829484909802647,51.0,418.9524774991013,9430,51,0.1562440202386922,144.0,2254,1.6294016044680577,-0.9436871468033132
