ImageNumber,ObjectNumber,Location_Center_X,Location_Center_Y,Location_Center_Z,Number_Object_Number,TrackObjects_Displacement_50,TrackObjects_DistanceTraveled_50,TrackObjects_FinalAge_50,TrackObjects_IntegratedDistance_50,TrackObjects_Label_50,TrackObjects_Lifetime_50,TrackObjects_Linearity_50,TrackObjects_ParentImageNumber_50,TrackObjects_ParentObjectNumber_50,TrackObjects_TrajectoryX_50,TrackObjects_TrajectoryY_50
141,2287,464.5315789473684,1148.3736842105263,0,2287,10.554113173652787,12.877560647223309,,54.40635182434392,12442,11,0.1939867831559033,140.0,2251,-2.685087719298224,12.594517543859638
142,2287,471.74169741697415,1129.0221402214022,0,2287,23.332211509992263,4.736612209469434,,50.67194016162944,12442,12,0.4604562492687072,141.0,2269,4.100476042928335,-2.370989549590149
144,2287,356.30632911392405,1092.0886075949368,0,2287,185.23422886982303,11.333403834636265,,930.0434793060284,4202,109,0.1991672787255489,143.0,2213,3.238818565400834,-10.860759493670912
145,2287,355.30337078651684,1132.152808988764,0,2287,224.37136212897283,6.705680278801164,110.0,995.4968872384688,4202,110,0.2253863020620628,144.0,2350,1.9879345449061248,-6.404237991101809
