ImageNumber,ObjectNumber,Location_Center_X,Location_Center_Y,Location_Center_Z,Number_Object_Number,TrackObjects_Displacement_50,TrackObjects_DistanceTraveled_50,TrackObjects_FinalAge_50,TrackObjects_IntegratedDistance_50,TrackObjects_Label_50,TrackObjects_Lifetime_50,TrackObjects_Linearity_50,TrackObjects_ParentImageNumber_50,TrackObjects_ParentObjectNumber_50,TrackObjects_TrajectoryX_50,TrackObjects_TrajectoryY_50
138,2212,938.31,1155.15,0,2212,0.0,0.0,,0.0,13011,1,,0.0,0,0.0,0.0
140,2212,1381.179104477612,1117.1820895522387,0,2212,10.215195132496664,10.215195132496664,,10.215195132496664,13060,2,1.0,139.0,2134,9.62715642566377,3.415855786005068
141,2212,1232.2567567567569,1093.4087837837835,0,2212,104.4998577094342,5.001047455607723,,359.93995281589105,10423,35,0.2903258082130321,140.0,2199,-1.0485529777565716,-4.889888782587832
142,2212,1912.7455197132615,1078.5448028673836,0,2212,61.79247559807805,3.974415848208512,,538.4366765514078,6561,81,0.1147627535216359,141.0,2182,-1.247559871513431,-3.773536232962442
143,2212,1167.022222222222,1105.2666666666669,0,2212,0.0,0.0,1.0,0.0,13456,1,,0.0,0,0.0,0.0
144,2212,1546.2932862190812,1047.7243816254418,0,2212,83.11669551896054,10.391607915718016,,502.009469020836,7150,76,0.1655679835702675,143.0,2141,-10.054274756528455,-2.626228130655818
145,2212,442.5098039215686,1083.2058823529412,0,2212,213.05350295457183,3.2616033751511666,110.0,931.4664427169608,4202,110,0.22872912343801,144.0,2264,3.147303921568607,0.8558823529413075
