ImageNumber,ObjectNumber,Location_Center_X,Location_Center_Y,Location_Center_Z,Number_Object_Number,TrackObjects_Displacement_50,TrackObjects_DistanceTraveled_50,TrackObjects_FinalAge_50,TrackObjects_IntegratedDistance_50,TrackObjects_Label_50,TrackObjects_Lifetime_50,TrackObjects_Linearity_50,TrackObjects_ParentImageNumber_50,TrackObjects_ParentObjectNumber_50,TrackObjects_TrajectoryX_50,TrackObjects_TrajectoryY_50
137,2178,1285.7798507462687,1139.2350746268658,0,2178,18.165214290873838,2.8480079207831324,7.0,27.57649128416162,12447,7,0.6587210136231838,136.0,2111,-0.4605584608923436,2.8105221971982246
138,2178,450.2087378640777,1135.0242718446602,0,2178,41.570703704497845,8.649553323524803,,89.50070335451059,11892,15,0.4644734862008522,137.0,2168,3.777968633308433,-7.7808563604680785
139,2178,1105.4246153846154,1142.2769230769231,0,2178,36.45486517666703,2.932487570498226,,365.4328337387939,9430,45,0.099758045284799,138.0,2194,0.884074844074803,-2.796049896049908
140,2178,1723.0105421686746,1092.0918674698796,0,2178,59.44067529347642,1.4237173811961823,,64.50843732575926,12781,6,0.9214403225008956,139.0,2109,-1.4231313007130666,0.0408470617162493
141,2178,1931.3960396039604,1069.7128712871288,0,2178,46.53636316874226,0.7094075782014281,,528.935305206319,6561,80,0.0879812005564462,140.0,2156,-0.1671787868442606,-0.6894275634458609
142,2178,1059.9110105580694,1056.9351432880844,0,2178,84.59168978588697,6.636688566741872,,760.1775847543206,2616,124,0.11127885310276,141.0,2156,4.492464192154557,4.885017974801258
143,2178,1023.985436893204,1070.4611650485438,0,2178,79.68491202100779,16.075662285843755,,410.476162029365,9430,49,0.1941279893747087,142.0,2211,-12.91292971296673,-9.57513259210964
144,2178,583.2055555555555,1024.8666666666666,0,2178,0.0,0.0,,0.0,13545,1,,0.0,0,0.0,0.0
145,2178,1745.1740139211138,1057.2227378190255,0,2178,100.50737352991156,7.208389383346562,11.0,133.83298744713227,12781,11,0.750991033280302,144.0,2233,2.032709573287775,-6.915849137496252
