ImageNumber,ObjectNumber,Location_Center_X,Location_Center_Y,Location_Center_Z,Number_Object_Number,TrackObjects_Displacement_50,TrackObjects_DistanceTraveled_50,TrackObjects_FinalAge_50,TrackObjects_IntegratedDistance_50,TrackObjects_Label_50,TrackObjects_Lifetime_50,TrackObjects_Linearity_50,TrackObjects_ParentImageNumber_50,TrackObjects_ParentObjectNumber_50,TrackObjects_TrajectoryX_50,TrackObjects_TrajectoryY_50
140,2271,631.0551181102362,1158.4409448818897,0,2271,0.0,0.0,,0.0,13174,1,,0.0,0,0.0,0.0
141,2271,59.1336405529954,1136.405529953917,0,2271,6.886967076872337,1.1998641027349723,,20.927952710374576,12850,6,0.3290798279307212,140.0,2230,0.2303172901555186,-1.177551617079871
142,2271,1804.1535269709543,1123.1908713692949,0,2271,109.61446673891452,15.245622788240896,,477.9716154284207,9726,44,0.2293325862889655,141.0,2243,14.9500637674912,2.987408165831539
143,2271,658.1084337349398,1146.7710843373493,0,2271,47.195691478110845,6.831399722732298,,112.265602787683,12534,12,0.4203931596694623,142.0,2305,-6.830652559476448,0.1010335759278859
144,2271,144.80891719745222,1089.1273885350315,0,2271,77.65523254709473,9.375013314819702,,198.59835535502424,11530,25,0.3910164936072828,143.0,2199,2.906899906385945,-8.912957286293931
145,2271,1846.794011976048,1122.4994011976048,0,2271,10.57691504296843,10.33465500978135,4.0,28.875243394193596,13358,4,0.3662970004642558,144.0,2333,-8.651868476294567,-5.652456637613341
