ImageNumber,ObjectNumber,Location_Center_X,Location_Center_Y,Location_Center_Z,Number_Object_Number,TrackObjects_Displacement_50,TrackObjects_DistanceTraveled_50,TrackObjects_FinalAge_50,TrackObjects_IntegratedDistance_50,TrackObjects_Label_50,TrackObjects_Lifetime_50,TrackObjects_Linearity_50,TrackObjects_ParentImageNumber_50,TrackObjects_ParentObjectNumber_50,TrackObjects_TrajectoryX_50,TrackObjects_TrajectoryY_50
137,2183,399.26446280991735,1148.2314049586778,0,2183,16.033433418228,6.552970967867057,,41.13858007110862,12362,8,0.389742022950573,136.0,2126,4.228426773881324,5.006179733452655
138,2183,1331.233918128655,1134.017543859649,0,2183,23.09644463281421,6.836705375737777,,248.72348012153807,10423,32,0.0928599287109049,137.0,2185,0.5104749052118223,-6.817620975515638
139,2183,1784.5967213114754,1138.1377049180328,0,2183,62.55822230834261,4.676809468336376,,216.6181904646901,11038,26,0.2887948707084225,138.0,2195,3.074662487945943,-3.5240597878496374
140,2183,308.9906542056075,1093.6728971962616,0,2183,54.22341491891777,29.54632197601602,,107.5074767040123,12136,14,0.5043687804914696,139.0,2122,27.34002129421509,-11.20305217082705
141,2183,1975.265060240964,1077.2319277108434,0,2183,61.741469806263325,14.313489392329734,,567.9988742681107,6561,80,0.1086999862206059,140.0,2151,12.096898805986257,7.651210222054033
142,2183,833.9322493224932,1053.6937669376694,0,2183,34.02043799223412,5.354293388769778,,671.5158493637532,6481,82,0.0506621519424563,141.0,2163,-2.6818985874746204,-4.634207338858005
143,2183,1065.0657596371882,1078.5419501133788,0,2183,68.7562569554487,3.3620684125616926,,758.2615256427214,2616,125,0.0906761778492838,142.0,2202,-1.2547036832752383,3.11917019059888
144,2183,596.472,1029.688,0,2183,0.0,0.0,,0.0,13546,1,,0.0,0,0.0,0.0
145,2183,333.8050314465409,1056.062893081761,0,2183,21.947446458647963,13.63106050466118,5.0,39.983641493556085,13259,5,0.5489106454244568,144.0,2250,-9.202544311034842,-10.055793786925731
