ImageNumber,ObjectNumber,Location_Center_X,Location_Center_Y,Location_Center_Z,Number_Object_Number,TrackObjects_Displacement_50,TrackObjects_DistanceTraveled_50,TrackObjects_FinalAge_50,TrackObjects_IntegratedDistance_50,TrackObjects_Label_50,TrackObjects_Lifetime_50,TrackObjects_Linearity_50,TrackObjects_ParentImageNumber_50,TrackObjects_ParentObjectNumber_50,TrackObjects_TrajectoryX_50,TrackObjects_TrajectoryY_50
140,2219,1927.919776119403,1113.2462686567164,0,2219,89.87938898374682,15.020473178649713,,588.0479902759815,6561,79,0.1528436292105425,139.0,2136,-14.205223880597032,4.881211838534682
141,2219,403.4539325842696,1097.9550561797753,0,2219,205.9225548563436,6.65161879209988,,883.1837207542729,4202,106,0.2331593642605615,140.0,2196,3.640889106008785,-5.5666829506594695
142,2219,1997.4492753623188,1080.0072463768115,0,2219,3.105406967083713,3.105406967083713,,3.105406967083713,13261,2,1.0,141.0,2199,-0.4257246376812418,-3.076086956521749
143,2219,1831.1531531531527,1108.6138996138995,0,2219,83.75464533729405,2.961012092638527,,465.1393079568233,9726,45,0.1800635721483005,142.0,2253,-1.3389461696458511,2.640987650016996
144,2219,1722.108843537415,1049.111111111111,0,2219,99.98391792247176,14.328763440370968,,127.92138778441073,12781,10,0.781604387305251,143.0,2154,-8.471237216286227,-11.556452818902471
145,2219,139.8569182389937,1090.455974842767,0,2219,73.81977517894961,8.550285679313026,26.0,199.20566706311573,11530,26,0.3705706582913666,144.0,2289,-3.457621820353495,-7.819989548924013
