ImageNumber,ObjectNumber,Location_Center_X,Location_Center_Y,Location_Center_Z,Number_Object_Number,TrackObjects_Displacement_50,TrackObjects_DistanceTraveled_50,TrackObjects_FinalAge_50,TrackObjects_IntegratedDistance_50,TrackObjects_Label_50,TrackObjects_Lifetime_50,TrackObjects_Linearity_50,TrackObjects_ParentImageNumber_50,TrackObjects_ParentObjectNumber_50,TrackObjects_TrajectoryX_50,TrackObjects_TrajectoryY_50
142,2307,1150.2857142857142,1146.9861751152073,0,2307,81.50882163654319,17.433462040624796,,417.6177882421695,9430,48,0.1951756460844948,141.0,2282,16.745319312644142,4.849729872837543
144,2307,1237.0928571428572,1109.0785714285714,0,2307,98.15085350518775,6.573738867115726,,380.81154208479455,10423,38,0.2577412779241148,143.0,2224,2.63545803971806,-6.022325432415073
145,2307,625.7647058823529,1154.5210084033613,0,2307,6.58440305089492,3.559471531729108,6.0,13.444465682258071,13174,6,0.4897482136150637,144.0,2361,-3.3868092691622,-1.0951532128003691
