ImageNumber,ObjectNumber,Location_Center_X,Location_Center_Y,Location_Center_Z,Number_Object_Number,TrackObjects_Displacement_50,TrackObjects_DistanceTraveled_50,TrackObjects_FinalAge_50,TrackObjects_IntegratedDistance_50,TrackObjects_Label_50,TrackObjects_Lifetime_50,TrackObjects_Linearity_50,TrackObjects_ParentImageNumber_50,TrackObjects_ParentObjectNumber_50,TrackObjects_TrajectoryX_50,TrackObjects_TrajectoryY_50
141,2276,400.71590909090907,1142.1363636363635,0,2276,19.153499505071935,14.608543376153754,,78.1093676331655,12362,12,0.2452138595593916,140.0,2247,-12.85522912047304,6.939209164818976
142,2276,608.9586776859504,1124.8347107438017,0,2276,13.194287988560845,8.261020129189085,,73.919986791204,12534,11,0.178494187584607,141.0,2259,-5.945168467895769,-5.735802076711252
143,2276,672.2285714285714,1150.4761904761904,0,2276,61.77124019841494,8.223338315392986,,113.65754138034367,12534,12,0.5434856275106604,142.0,2305,7.289485134155143,3.80613971476896
144,2276,1470.281690140845,1085.112676056338,0,2276,26.710917769610468,11.294663866330376,,434.8085564674437,7150,76,0.0614314446491589,143.0,2206,-7.069056127811564,-8.808965734706817
145,2276,1929.1183932346723,1134.6807610993658,0,2276,10.459052984526718,0.7759987645307419,9.0,58.04465544561764,12926,9,0.1801897677612345,144.0,2334,0.4561415790431056,0.6277809669154522
